Source Port,Destination Port,Protocol,Flow Duration,Fwd PSH Flags,Bwd PSH Flags,Fwd URG Flags,Bwd URG Flags,Fwd Header Length,Bwd Header Length,Fwd Packets/s,Bwd Packets/s,FIN Flag Count,SYN Flag Count,RST Flag Count,PSH Flag Count,ACK Flag Count,URG Flag Count,CWE Flag Count,ECE Flag Count
443,54865,6,3,0,0,0,0,40,0,666666.6667,0.0,0,0,0,0,1,0,0,0
80,55054,6,109,0,0,0,0,20,20,9174.311927,9174.311927,0,0,0,0,1,1,0,0
80,55055,6,52,0,0,0,0,20,20,19230.76923,19230.76923,0,0,0,0,1,1,0,0
443,46236,6,34,0,0,0,0,20,20,29411.76471,29411.76471,0,0,0,0,1,1,0,0
443,54863,6,3,0,0,0,0,40,0,666666.6667,0.0,0,0,0,0,1,0,0,0
443,54871,6,1022,0,0,0,0,40,0,1956.947162,0.0,0,0,0,0,1,0,0,0
443,54925,6,4,0,0,0,0,40,0,500000.0,0.0,0,0,0,0,1,0,0,0
443,54925,6,42,0,0,0,0,20,20,23809.52381,23809.52381,0,0,0,0,1,0,0,0
443,9282,6,4,0,0,0,0,40,0,500000.0,0.0,0,0,0,0,1,0,0,0
443,55153,6,4,1,0,0,0,40,0,500000.0,0.0,0,1,0,0,1,0,0,0
443,55143,6,3,1,0,0,0,40,0,666666.6667,0.0,0,1,0,0,1,0,0,0
443,55144,6,1,1,0,0,0,40,0,2000000.0,0.0,0,1,0,0,1,0,0,0
443,55145,6,4,1,0,0,0,40,0,500000.0,0.0,0,1,0,0,1,0,0,0
443,55254,6,3,0,0,0,0,60,0,1000000.0,0.0,0,0,0,0,1,0,0,0
80,36206,6,54,0,0,0,0,32,32,18518.51852,18518.51852,0,0,0,0,1,1,0,0
443,53524,6,1,0,0,0,0,64,0,2000000.0,0.0,0,0,0,0,1,0,0,0
443,53524,6,154,0,0,0,0,32,32,6493.506494,6493.506494,0,0,0,0,1,0,0,0
443,53526,6,1,0,0,0,0,64,0,2000000.0,0.0,0,0,0,0,1,0,0,0
443,53526,6,118,0,0,0,0,32,32,8474.576271,8474.576271,0,0,0,0,1,0,0,0
443,53527,6,239,0,0,0,0,32,32,4184.100418,4184.100418,0,0,0,0,1,0,0,0
443,53528,6,1,0,0,0,0,96,0,3000000.0,0.0,0,0,0,0,1,0,0,0
443,53527,6,1,0,0,0,0,64,0,2000000.0,0.0,0,0,0,0,1,0,0,0
443,55035,6,4,1,0,0,0,40,0,500000.0,0.0,0,1,0,0,1,0,0,0
443,55275,6,5,1,0,0,0,60,0,600000.0,0.0,0,1,0,0,1,0,0,0
443,55277,6,4,0,0,0,0,40,0,500000.0,0.0,0,0,0,0,1,0,0,0
443,8850,6,4,0,0,0,0,60,0,750000.0,0.0,0,0,0,0,1,0,0,0
80,43248,6,54,0,0,0,0,32,32,18518.51852,18518.51852,0,0,0,0,1,1,0,0
443,8678,6,42,0,0,0,0,60,0,71428.57143,0.0,0,0,0,0,1,0,0,0
443,55063,6,4,1,0,0,0,40,0,500000.0,0.0,0,1,0,0,1,0,0,0
443,55203,6,3,1,0,0,0,40,0,666666.6667,0.0,0,1,0,0,1,0,0,0
443,55140,6,3,1,0,0,0,40,0,666666.6667,0.0,0,1,0,0,1,0,0,0
443,55180,6,737,1,0,0,0,40,20,2713.704206,1356.852103,0,1,0,0,1,0,0,0
443,55156,6,3,1,0,0,0,40,0,666666.6667,0.0,0,1,0,0,1,0,0,0
443,55096,6,3,1,0,0,0,40,0,666666.6667,0.0,0,1,0,0,1,0,0,0
443,55085,6,3,1,0,0,0,40,0,666666.6667,0.0,0,1,0,0,1,0,0,0
443,8689,6,276,0,0,0,0,60,0,10869.56522,0.0,0,0,0,0,1,0,0,0
443,8817,6,3,0,0,0,0,40,0,666666.6667,0.0,0,0,0,0,1,0,0,0
443,8816,6,3,0,0,0,0,40,0,666666.6667,0.0,0,0,0,0,1,0,0,0
443,8886,6,1,0,0,0,0,40,0,2000000.0,0.0,0,0,0,0,1,0,0,0
80,60350,6,105,0,0,0,0,20,20,9523.809524,9523.809524,0,0,0,0,1,1,0,0
80,60346,6,66,0,0,0,0,20,20,15151.51515,15151.51515,0,0,0,0,1,1,0,0
80,60352,6,68,0,0,0,0,20,20,14705.88235,14705.88235,0,0,0,0,1,1,0,0
443,8833,6,48,0,0,0,0,40,0,41666.66667,0.0,0,0,0,0,1,0,0,0
443,9331,6,3,0,0,0,0,40,0,666666.6667,0.0,0,0,0,0,1,0,0,0
443,9175,6,3,0,0,0,0,40,0,666666.6667,0.0,0,0,0,0,1,0,0,0
80,8693,6,16,0,0,0,0,20,20,62500.0,62500.0,0,0,0,0,1,1,0,0
80,8695,6,63,0,0,0,0,20,20,15873.01587,15873.01587,0,0,0,0,1,1,0,0
80,8690,6,17,0,0,0,0,20,20,58823.52941,58823.52941,0,0,0,0,1,1,0,0
80,8694,6,123,0,0,0,0,20,20,8130.081301,8130.081301,0,0,0,0,1,1,0,0
443,57683,6,4,0,0,0,0,40,0,500000.0,0.0,0,0,0,0,1,0,0,0
443,57662,6,4,0,0,0,0,40,0,500000.0,0.0,0,0,0,0,1,0,0,0
443,54864,6,49,0,0,0,0,40,0,40816.32653,0.0,0,0,0,0,1,0,0,0
443,57680,6,3,0,0,0,0,40,0,666666.6667,0.0,0,0,0,0,1,0,0,0
80,60954,6,46,0,0,0,0,32,32,21739.13043,21739.13043,0,0,0,0,1,1,0,0
443,57681,6,3,0,0,0,0,40,0,666666.6667,0.0,0,0,0,0,1,0,0,0
443,55270,6,3,0,0,0,0,40,0,666666.6667,0.0,0,0,0,0,1,0,0,0
443,55271,6,251170,0,0,0,0,60,0,11.9441016,0.0,0,0,0,0,1,1,0,0
443,57674,6,49,0,0,0,0,40,0,40816.32653,0.0,0,0,0,0,1,0,0,0
443,50485,6,62,0,0,0,0,32,32,16129.03226,16129.03226,0,0,0,0,1,1,0,0
443,57686,6,175,0,0,0,0,40,20,11428.57143,5714.285714,0,0,0,0,1,0,0,0
80,33666,6,37,0,0,0,0,32,32,27027.02703,27027.02703,0,0,0,0,1,1,0,0
443,8883,6,3,0,0,0,0,40,0,666666.6667,0.0,0,0,0,0,1,0,0,0
443,8884,6,3,0,0,0,0,40,0,666666.6667,0.0,0,0,0,0,1,0,0,0
443,55245,6,96,0,0,0,0,20,20,10416.66667,10416.66667,0,0,0,0,1,1,0,0
443,55150,6,1,0,0,0,0,40,0,2000000.0,0.0,0,0,0,0,1,0,0,0
443,55043,6,0,0,0,0,0,40,0,0.0,0.0,0,0,0,0,1,0,0,0
443,55040,6,48,0,0,0,0,40,0,41666.66667,0.0,0,0,0,0,1,0,0,0
443,55039,6,1,0,0,0,0,40,0,2000000.0,0.0,0,0,0,0,1,0,0,0
443,55043,6,999588,0,0,0,0,40,0,2.00082434,0.0,0,0,0,0,1,0,0,0
443,55039,6,75,0,0,0,0,20,20,13333.33333,13333.33333,0,0,0,0,1,0,0,0
443,55040,6,32,0,0,0,0,20,20,31250.0,31250.0,0,0,0,0,1,0,0,0
27328,53,17,71693,0,0,0,0,40,64,27.89672632,27.89672632,0,0,0,0,0,0,0,0
56447,53,17,60738,0,0,0,0,40,40,32.92831506,32.92831506,0,0,0,0,0,0,0,0
50038,21,6,126188,0,0,0,0,656,816,158.4936761,198.1170951,0,0,0,1,0,0,0,0
38044,34805,6,8003,0,0,0,0,496,208,1874.297139,749.7188554,0,0,0,1,0,0,0,0
38044,34805,6,1,1,0,0,0,64,0,2000000.0,0.0,0,1,0,0,1,0,0,0
50038,21,6,50,0,0,0,0,32,64,20000.0,40000.0,0,0,0,0,1,1,0,0
39524,139,6,75,1,0,0,0,96,32,40000.0,13333.33333,0,1,0,0,1,0,0,0
54990,443,6,208,0,0,0,0,128,0,19230.76923,0.0,0,0,0,0,1,0,0,0
40124,443,6,514004,0,0,0,0,96,20,5.836530455,1.945510152,0,0,0,0,1,1,0,0
57700,80,6,60130920,0,0,0,0,112,72,0.083151896,0.049891138,0,0,0,1,0,0,0,0
57701,80,6,60130912,0,0,0,0,112,72,0.083151907,0.049891144,0,0,0,1,0,0,0,0
57683,443,6,3895966,1,0,0,0,100,20,1.283378756,0.256675751,0,1,0,0,1,0,0,0
57662,443,6,3895242,1,0,0,0,100,20,1.283617295,0.256723459,0,1,0,0,1,0,0,0
57681,443,6,3896308,1,0,0,0,100,20,1.283266107,0.256653221,0,1,0,0,1,0,0,0
57674,443,6,3895052,1,0,0,0,100,20,1.28367991,0.256735982,0,1,0,0,1,0,0,0
57686,443,6,3896461,1,0,0,0,100,20,1.283215718,0.256643144,0,1,0,0,1,0,0,0
62449,53,17,31020664,0,0,0,0,184,128,0.25789261,0.128946305,0,0,0,0,0,0,0,0
53279,53,17,83718,0,0,0,0,80,64,47.77945006,23.88972503,0,0,0,0,0,0,0,0
57702,445,6,10706606,0,0,0,0,604,504,2.708608125,2.241606724,0,0,0,1,0,0,0,0
57699,80,6,60166984,0,0,0,0,132,92,0.099722466,0.066481644,0,0,0,1,0,0,0,0
51561,53,17,24027,0,0,0,0,64,64,83.23968868,83.23968868,0,0,0,0,0,0,0,0
58019,8080,6,1029807,0,0,0,0,92,60,2.913167225,2.913167225,0,0,0,1,0,0,0,0
34314,80,6,2979847,0,0,0,0,64,32,0.671175399,0.3355877,0,0,0,0,1,0,0,0
60344,80,6,28315,0,0,0,0,20,20,35.3169698,35.3169698,0,0,0,0,1,1,0,0
60354,80,6,28466,0,0,0,0,20,20,35.12962833,35.12962833,0,0,0,0,1,1,0,0
50350,443,6,101027175,1,0,0,0,448,384,0.138576576,0.118779922,0,1,0,0,1,0,0,0
46939,53,17,330,0,0,0,0,40,40,6060.606061,6060.606061,0,0,0,0,0,0,0,0
65191,53,17,221,0,0,0,0,40,40,9049.773756,9049.773756,0,0,0,0,0,0,0,0
26091,53,17,302,0,0,0,0,64,80,6622.516556,6622.516556,0,0,0,0,0,0,0,0
9278,53,17,283,0,0,0,0,64,64,7067.137809,7067.137809,0,0,0,0,0,0,0,0
61116,53,17,166,0,0,0,0,64,64,12048.19277,12048.19277,0,0,0,0,0,0,0,0
49854,53,17,275,0,0,0,0,40,40,7272.727273,7272.727273,0,0,0,0,0,0,0,0
2022,53,17,266,0,0,0,0,40,40,7518.796992,7518.796992,0,0,0,0,0,0,0,0
54866,53,17,102033,0,0,0,0,40,64,19.60150148,19.60150148,0,0,0,0,0,0,0,0
50390,53,17,51453,0,0,0,0,40,40,38.87042544,38.87042544,0,0,0,0,0,0,0,0
37335,53,17,1140,0,0,0,0,64,64,1754.385965,1754.385965,0,0,0,0,0,0,0,0
57626,53,17,293,0,0,0,0,64,64,6825.938567,6825.938567,0,0,0,0,0,0,0,0
38354,22,6,1333970,0,0,0,0,1328,1360,30.73532388,31.48496593,0,0,0,1,0,0,0,0
38354,22,6,187,0,0,0,0,32,32,5347.593583,5347.593583,0,0,0,0,1,1,0,0
38364,22,6,1335604,0,0,0,0,1328,1360,30.69772178,31.4464467,0,0,0,1,0,0,0,0
38364,22,6,111,0,0,0,0,32,32,9009.009009,9009.009009,0,0,0,0,1,1,0,0
41936,443,6,143347,0,0,0,0,1200,1928,327.8757142,418.5647415,0,0,0,1,0,0,0,0
41944,443,6,143899,0,0,0,0,1168,1864,319.6686565,403.0604799,0,0,0,1,0,0,0,0
41942,443,6,142605,0,0,0,0,1136,1864,315.556958,406.717857,0,0,0,1,0,0,0,0
41940,443,6,142499,0,0,0,0,1192,1704,322.8092829,371.9324346,0,0,0,1,0,0,0,0
41938,443,6,23828,0,0,0,0,540,992,1133.120698,1300.990431,1,0,0,0,0,0,0,0
41946,443,6,119090,0,0,0,0,744,904,193.1312453,235.1162986,0,0,0,1,0,0,0,0
41946,443,6,23841,0,0,0,0,520,992,1090.558282,1300.281028,1,0,0,0,0,0,0,0
41950,443,6,199037,0,0,0,0,1200,2024,236.1369997,316.5240634,0,0,0,1,0,0,0,0
41948,443,6,142923,0,0,0,0,1204,1928,321.8516264,419.8064692,0,0,0,1,0,0,0,0
41956,443,6,446800,0,0,0,0,744,904,51.47717099,62.66786034,0,0,0,1,0,0,0,0
41954,443,6,141851,0,0,0,0,1200,1768,331.3335824,387.7307879,0,0,0,1,0,0,0,0
41952,443,6,145376,0,0,0,0,1316,1928,350.8144398,412.7228703,0,0,0,1,0,0,0,0
41958,443,6,142904,0,0,0,0,1224,1800,328.8921234,391.8714662,0,0,0,1,0,0,0,0
41964,443,6,142508,0,0,0,0,1284,1896,350.8574957,414.0118449,0,0,0,1,0,0,0,0
41962,443,6,142561,0,0,0,0,1244,1896,336.6979749,413.8579275,0,0,0,1,0,0,0,0
41960,443,6,142389,0,0,0,0,1336,1928,365.1967497,421.3808651,0,0,0,1,0,0,0,0
41970,443,6,142403,0,0,0,0,1148,1864,316.0045786,407.2947901,0,0,0,1,0,0,0,0
41968,443,6,142089,0,0,0,0,1160,1768,316.7029116,387.0813363,0,0,0,1,0,0,0,0
41966,443,6,142098,0,0,0,0,1264,1864,344.8324396,408.1690101,0,0,0,1,0,0,0,0
41976,443,6,128912,0,0,0,0,680,840,162.9018245,201.6879732,0,0,0,1,0,0,0,0
41974,443,6,143215,0,0,0,0,1272,1960,349.1254408,425.9330377,0,0,0,1,0,0,0,0
41972,443,6,185921,0,0,0,0,1208,1864,258.1741707,311.9604563,0,0,0,1,0,0,0,0
41978,443,6,131198,0,0,0,0,936,1608,221.0399549,381.1033705,0,0,0,1,0,0,0,0
41980,443,6,187746,0,0,0,0,1220,2056,255.6645681,340.8860908,0,0,0,1,0,0,0,0
41984,443,6,188450,0,0,0,0,1200,1896,249.4030247,313.0803927,0,0,0,1,0,0,0,0
41982,443,6,300724,0,0,0,0,1264,2088,162.9401045,216.1450366,0,0,0,1,0,0,0,0
41990,443,6,195652,0,0,0,0,1228,1928,250.4446671,306.6669393,0,0,0,1,0,0,0,0
41988,443,6,143173,0,0,0,0,1304,1864,356.2124144,405.1043144,0,0,0,1,0,0,0,0
41986,443,6,142748,0,0,0,0,1200,1832,329.2515482,399.3050691,0,0,0,1,0,0,0,0
41992,443,6,142235,0,0,0,0,1212,1832,330.4390621,400.7452455,0,0,0,1,0,0,0,0
41998,443,6,152597,0,0,0,0,1124,1640,275.2347687,334.2136477,0,0,0,1,0,0,0,0
41996,443,6,142263,0,0,0,0,1188,1864,330.3740256,407.695606,0,0,0,1,0,0,0,0
41994,443,6,142478,0,0,0,0,1264,1832,343.9127444,400.0617639,0,0,0,1,0,0,0,0
42006,443,6,125417,0,0,0,0,936,1768,231.2286213,438.5370404,0,0,0,1,0,0,0,0
42004,443,6,188411,0,0,0,0,1096,1896,228.2244667,313.1451985,0,0,0,1,0,0,0,0
42002,443,6,141785,0,0,0,0,1128,1768,310.3290193,387.9112741,0,0,0,1,0,0,0,0
42000,443,6,155181,0,0,0,0,1928,3400,502.638854,683.0733144,0,0,0,1,0,0,0,0
42014,443,6,200946,0,0,0,0,1200,1800,233.8936829,278.6818349,0,0,0,1,0,0,0,0
42012,443,6,142298,0,0,0,0,1184,1768,316.2377546,386.5128111,0,0,0,1,0,0,0,0
42010,443,6,196861,0,0,0,0,1116,1864,223.5079574,294.6241257,0,0,0,1,0,0,0,0
42008,443,6,197144,0,0,0,0,1160,1800,228.2595463,284.0563243,0,0,0,1,0,0,0,0
42016,443,6,142230,0,0,0,0,1356,1960,372.6358715,428.8827955,0,0,0,1,0,0,0,0
42020,443,6,143922,0,0,0,0,1192,1896,319.6175706,409.9442754,0,0,0,1,0,0,0,0
42018,443,6,142755,0,0,0,0,1188,1896,329.2354033,413.2955063,0,0,0,1,0,0,0,0
42026,443,6,124970,0,0,0,0,1000,1608,248.0595343,400.096023,0,0,0,1,0,0,0,0
42024,443,6,142117,0,0,0,0,1200,1736,330.7134263,379.9686174,0,0,0,1,0,0,0,0
42022,443,6,142224,0,0,0,0,1172,1736,316.402295,379.682754,0,0,0,1,0,0,0,0
42028,443,6,143176,0,0,0,0,1244,1832,335.2517182,398.1114153,0,0,0,1,0,0,0,0
42036,443,6,142472,0,0,0,0,1212,2088,329.8893818,456.2299961,0,0,0,1,0,0,0,0
42034,443,6,185687,0,0,0,0,1200,1896,253.1141114,317.7389909,0,0,0,1,0,0,0,0
42032,443,6,142746,0,0,0,0,1052,1800,294.2289101,392.3052135,0,0,0,1,0,0,0,0
42030,443,6,185922,0,0,0,0,1180,1864,247.4155829,311.9587784,0,0,0,1,0,0,0,0
42042,443,6,143435,0,0,0,0,1264,1864,341.6181546,404.3643462,0,0,0,1,0,0,0,0
42038,443,6,186578,0,0,0,0,1220,1992,257.265058,332.3007,0,0,0,1,0,0,0,0
42040,443,6,190175,0,0,0,0,1240,1928,257.6574208,315.4988826,0,0,0,1,0,0,0,0
42048,443,6,142210,0,0,0,0,1128,1800,309.4015892,393.7838408,0,0,0,1,0,0,0,0
42046,443,6,142963,0,0,0,0,1272,1960,349.740842,426.6838273,0,0,0,1,0,0,0,0
42044,443,6,142878,0,0,0,0,1220,1960,335.9509512,426.9376671,0,0,0,1,0,0,0,0
42052,443,6,190109,0,0,0,0,1188,1736,247.2265911,284.0475727,0,0,0,1,0,0,0,0
42050,443,6,143397,0,0,0,0,1276,1896,341.7086829,411.4451488,0,0,0,1,0,0,0,0
42056,443,6,250001,0,0,0,0,616,872,75.999696,107.999568,0,0,0,1,0,0,0,0
42060,443,6,188539,0,0,0,0,1148,1896,238.6774089,312.9326028,0,0,0,1,0,0,0,0
42058,443,6,142469,0,0,0,0,1232,1896,336.9153991,414.1251781,0,0,0,1,0,0,0,0
42056,443,6,23598,0,0,0,0,520,960,1101.788287,1271.294177,1,0,0,0,0,0,0,0
42054,443,6,142921,0,0,0,0,1264,1864,342.8467475,405.8185991,0,0,0,1,0,0,0,0
42062,443,6,142553,0,0,0,0,1116,1768,308.657131,385.8214138,0,0,0,1,0,0,0,0
42070,443,6,142823,0,0,0,0,1244,1704,336.0803232,371.0886902,0,0,0,1,0,0,0,0
42068,443,6,143432,0,0,0,0,1252,1960,341.6252998,425.2886385,0,0,0,1,0,0,0,0
42064,443,6,153205,0,0,0,0,1724,3720,450.3769459,757.1554453,0,0,0,1,0,0,0,0
42078,443,6,118987,0,0,0,0,712,872,184.8941481,226.9155454,0,0,0,1,0,0,0,0
42080,443,6,143445,0,0,0,0,1220,1896,334.6230262,411.3074698,0,0,0,1,0,0,0,0
42078,443,6,24781,0,0,0,0,500,928,1008.837416,1170.251402,1,0,0,0,0,0,0,0
42074,443,6,142625,0,0,0,0,1148,1768,315.5127082,385.6266433,0,0,0,1,0,0,0,0
42072,443,6,144147,0,0,0,0,1224,1864,326.05604,402.3670281,0,0,0,1,0,0,0,0
42092,443,6,312417,0,0,0,0,776,1000,76.8204035,99.22635452,0,0,0,1,0,0,0,0
42088,443,6,197560,0,0,0,0,1128,1800,222.7171492,283.4581899,0,0,0,1,0,0,0,0
42090,443,6,207397,0,0,0,0,1208,1768,231.4401848,265.1918784,0,0,0,1,0,0,0,0
42086,443,6,144045,0,0,0,0,1232,1864,333.2291992,402.651949,0,0,0,1,0,0,0,0
42084,443,6,201971,0,0,0,0,1200,1832,232.7066757,282.2187344,0,0,0,1,0,0,0,0
42082,443,6,188080,0,0,0,0,1096,1800,228.6261165,297.7456402,0,0,0,1,0,0,0,0
42098,443,6,142377,0,0,0,0,1168,1992,323.0858917,435.4635931,0,0,0,1,0,0,0,0
42096,443,6,196656,0,0,0,0,1128,1864,223.7409487,294.9312505,0,0,0,1,0,0,0,0
42100,443,6,141942,0,0,0,0,1212,1800,331.1211622,394.5273422,0,0,0,1,0,0,0,0
42094,443,6,142878,0,0,0,0,1284,1960,349.9489075,426.9376671,0,0,0,1,0,0,0,0
42106,443,6,125846,0,0,0,0,968,1704,238.3865995,421.1496591,0,0,0,1,0,0,0,0
42104,443,6,119881,0,0,0,0,648,840,166.8321085,216.8817411,0,0,0,1,0,0,0,0
42104,443,6,23547,0,0,0,0,500,896,1061.706374,1189.111139,1,0,0,0,0,0,0,0
42102,443,6,142554,0,0,0,0,1224,1832,329.6996226,399.8484785,0,0,0,1,0,0,0,0
42108,443,6,142702,0,0,0,0,1140,1704,308.3348516,371.403344,0,0,0,1,0,0,0,0
42118,443,6,142790,0,0,0,0,1136,1832,315.1481196,399.1876182,0,0,0,1,0,0,0,0
42116,443,6,142342,0,0,0,0,1056,1608,288.0386674,351.2666676,0,0,0,1,0,0,0,0
42114,443,6,142780,0,0,0,0,1212,1832,329.177756,399.2155764,0,0,0,1,0,0,0,0
42112,443,6,142852,0,0,0,0,1264,1800,343.0123484,392.0141125,0,0,0,1,0,0,0,0
42110,443,6,142799,0,0,0,0,1252,1896,343.1396578,413.1681594,0,0,0,1,0,0,0,0
42120,443,6,142500,0,0,0,0,1264,1896,343.8596491,414.0350877,0,0,0,1,0,0,0,0
42126,443,6,459291,0,0,0,0,1180,1928,100.1543684,130.6361326,0,0,0,1,0,0,0,0
42124,443,6,196158,0,0,0,0,1180,1736,234.5048379,275.288288,0,0,0,1,0,0,0,0
42122,443,6,143476,0,0,0,0,1252,1832,341.5205331,397.2789874,0,0,0,1,0,0,0,0
42130,443,6,118873,0,0,0,0,744,904,193.483802,235.5454981,0,0,0,1,0,0,0,0
42130,443,6,23773,0,0,0,0,520,992,1093.677702,1304.000337,1,0,0,0,0,0,0,0
42128,443,6,142438,0,0,0,0,1136,1832,315.9269296,400.1741108,0,0,0,1,0,0,0,0
42134,443,6,152273,0,0,0,0,1668,3304,446.5663644,676.416699,0,0,0,1,0,0,0,0
42132,443,6,142918,0,0,0,0,1256,1864,335.8569249,405.8271176,0,0,0,1,0,0,0,0
42140,443,6,142342,0,0,0,0,1220,1800,337.2160009,393.4186677,0,0,0,1,0,0,0,0
42138,443,6,196159,0,0,0,0,1192,1960,234.5036425,310.9722215,0,0,0,1,0,0,0,0
42136,443,6,188391,0,0,0,0,1156,1960,244.1730231,323.7946611,0,0,0,1,0,0,0,0
42146,443,6,141887,0,0,0,0,1096,1864,303.0580673,408.7759978,0,0,0,1,0,0,0,0
42144,443,6,142743,0,0,0,0,1272,1864,350.2798736,406.3246534,0,0,0,1,0,0,0,0
42142,443,6,143077,0,0,0,0,1232,1864,335.4836906,405.3761261,0,0,0,1,0,0,0,0
42152,443,6,145825,0,0,0,0,936,1672,198.8685068,356.5918052,0,0,0,1,0,0,0,0
42150,443,6,142301,0,0,0,0,1128,1768,309.2037301,386.5046627,0,0,0,1,0,0,0,0
42148,443,6,143379,0,0,0,0,1272,1928,348.7261035,418.4713243,0,0,0,1,0,0,0,0
42154,443,6,394746,0,0,0,0,1244,1800,121.5971789,141.8633754,0,0,0,1,0,0,0,0
42156,443,6,62079,0,0,0,0,264,104,128.8680552,48.32552071,0,0,0,1,0,0,0,0
42160,443,6,122255,0,0,0,0,712,968,179.9517402,245.3887367,0,0,0,1,0,0,0,0
42162,443,6,142443,0,0,0,0,1200,1768,329.956544,386.11936,0,0,0,1,0,0,0,0
42160,443,6,23501,0,0,0,0,480,864,1021.233139,1148.887281,1,0,0,0,0,0,0,0
42158,443,6,143365,0,0,0,0,1244,1960,334.8097513,425.4873923,0,0,0,1,0,0,0,0
42164,443,6,142825,0,0,0,0,1200,1832,329.0740417,399.0897952,0,0,0,1,0,0,0,0
42170,443,6,119793,0,0,0,0,744,1000,191.997863,258.7797284,0,0,0,1,0,0,0,0
42172,443,6,142885,0,0,0,0,1192,1832,321.9372222,398.9222102,0,0,0,1,0,0,0,0
42170,443,6,23422,0,0,0,0,500,1056,1067.372556,1408.931774,1,0,0,0,0,0,0,0
42168,443,6,142724,0,0,0,0,1084,1992,301.2807937,434.4048653,0,0,0,1,0,0,0,0
42166,443,6,143161,0,0,0,0,1236,1704,328.3017023,370.2125579,0,0,0,1,0,0,0,0
42174,443,6,196340,0,0,0,0,1252,1928,249.5670775,305.5923398,0,0,0,1,0,0,0,0
42176,443,6,118573,0,0,0,0,680,840,177.1060865,219.2742024,0,0,0,1,0,0,0,0
42184,443,6,189314,0,0,0,0,1208,1896,253.5470171,311.6515419,0,0,0,1,0,0,0,0
42182,443,6,142909,0,0,0,0,1024,1672,279.8983969,363.8679159,0,0,0,1,0,0,0,0
42180,443,6,144762,0,0,0,0,1052,1800,290.1313881,386.8418508,0,0,0,1,0,0,0,0
42178,443,6,142378,0,0,0,0,1148,1800,316.0600655,393.3191926,0,0,0,1,0,0,0,0
42176,443,6,24067,0,0,0,0,460,896,955.665434,1163.418789,1,0,0,0,0,0,0,0
42190,443,6,119537,0,0,0,0,648,904,167.312213,234.2370981,0,0,0,1,0,0,0,0
42194,443,6,142424,0,0,0,0,1264,1864,344.0431388,407.2347357,0,0,0,1,0,0,0,0
42192,443,6,142848,0,0,0,0,1240,1928,343.0219534,420.0268817,0,0,0,1,0,0,0,0
42190,443,6,23488,0,0,0,0,440,864,936.6485014,1149.523161,1,0,0,0,0,0,0,0
42186,443,6,131864,0,0,0,0,1048,1576,303.3428381,371.5949766,0,0,0,1,0,0,0,0
42200,443,6,142592,0,0,0,0,1116,1800,308.572711,392.7289048,0,0,0,1,0,0,0,0
42206,443,6,143358,0,0,0,0,1084,1896,299.948381,411.5570809,0,0,0,1,0,0,0,0
42198,443,6,142675,0,0,0,0,1252,2024,343.4378833,441.5629928,0,0,0,1,0,0,0,0
42204,443,6,142797,0,0,0,0,1200,1864,329.1385673,406.170998,0,0,0,1,0,0,0,0
42196,443,6,142740,0,0,0,0,1212,1864,329.2700014,406.3331932,0,0,0,1,0,0,0,0
42202,443,6,142247,0,0,0,0,1064,1800,295.26106,393.6814133,0,0,0,1,0,0,0,0
42212,443,6,195966,0,0,0,0,1200,1832,239.8375228,290.866783,0,0,0,1,0,0,0,0
42210,443,6,186390,0,0,0,0,1292,1960,273.6198294,327.2707763,0,0,0,1,0,0,0,0
42208,443,6,143354,0,0,0,0,1232,1896,334.8354423,411.5685645,0,0,0,1,0,0,0,0
42216,443,6,142817,0,0,0,0,1016,1576,273.0767346,343.0964101,0,0,0,1,0,0,0,0
42214,443,6,142734,0,0,0,0,1336,1960,364.3140387,427.3683916,0,0,0,1,0,0,0,0
42222,443,6,127932,0,0,0,0,872,1608,211.0496201,390.8326298,0,0,0,1,0,0,0,0
42220,443,6,187229,0,0,0,0,1180,1864,245.688435,309.7810702,0,0,0,1,0,0,0,0
42218,443,6,142653,0,0,0,0,1252,1960,343.4908484,427.6110562,0,0,0,1,0,0,0,0
42228,443,6,38668,0,0,0,0,136,40,103.4447088,25.8611772,0,0,0,1,0,0,0,0
42232,443,6,143726,0,0,0,0,1264,1864,340.9264851,403.5456354,0,0,0,1,0,0,0,0
42230,443,6,122712,0,0,0,0,1088,1672,342.2648152,423.7564378,0,0,0,1,0,0,0,0
42226,443,6,234766,0,0,0,0,1116,1832,187.4206657,242.7949533,0,0,0,1,0,0,0,0
42236,443,6,142541,0,0,0,0,1304,2184,357.7917932,477.0557243,0,0,0,1,0,0,0,0
42224,443,6,146679,0,0,0,0,1120,1704,293.1571663,361.3332515,0,0,0,1,0,0,0,0
42234,443,6,143835,0,0,0,0,1056,1672,285.0488407,361.5253589,0,0,0,1,0,0,0,0
42246,443,6,119714,0,0,0,0,616,840,158.711596,217.1842892,0,0,0,1,0,0,0,0
42242,443,6,142820,0,0,0,0,1212,1704,329.0855622,371.0964851,0,0,0,1,0,0,0,0
42238,443,6,189539,0,0,0,0,1208,2056,253.2460338,337.6613784,0,0,0,1,0,0,0,0
42240,443,6,142826,0,0,0,0,1180,1864,322.0702113,406.0885273,0,0,0,1,0,0,0,0
42246,443,6,23822,0,0,0,0,460,896,965.4940811,1175.384099,1,0,0,0,0,0,0,0
42244,443,6,187835,0,0,0,0,1208,1800,255.5434291,298.1340006,0,0,0,1,0,0,0,0
42254,443,6,142291,0,0,0,0,1120,1928,302.1976091,421.6710825,0,0,0,1,0,0,0,0
42252,443,6,143701,0,0,0,0,1224,1992,327.0680093,431.4514165,0,0,0,1,0,0,0,0
42250,443,6,196404,0,0,0,0,1220,1832,244.3942079,290.2181218,0,0,0,1,0,0,0,0
42248,443,6,142241,0,0,0,0,1096,1736,302.3038364,379.637376,0,0,0,1,0,0,0,0
42264,443,6,224404,0,0,0,0,1104,1864,196.0749363,258.462416,0,0,0,1,0,0,0,0
42262,443,6,143577,0,0,0,0,1120,1768,299.4908655,383.0697117,0,0,0,1,0,0,0,0
42260,443,6,267407,0,0,0,0,1820,3368,280.4713414,392.659878,0,0,0,1,0,0,0,0
42258,443,6,149954,0,0,0,0,1272,1768,333.4355869,366.7791456,0,0,0,1,0,0,0,0
42256,443,6,190688,0,0,0,0,1188,1928,246.4759188,314.6501091,0,0,0,1,0,0,0,0
42274,443,6,118946,0,0,0,0,680,808,176.5507037,210.1794091,0,0,0,1,0,0,0,0
42274,443,6,23623,0,0,0,0,560,1024,1185.285527,1354.612031,1,0,0,0,0,0,0,0
42272,443,6,148237,0,0,0,0,1244,1928,323.8057975,404.7572468,0,0,0,1,0,0,0,0
42270,443,6,142601,0,0,0,0,1184,1832,315.5658095,399.716692,0,0,0,1,0,0,0,0
42268,443,6,190581,0,0,0,0,1208,1896,251.8614133,309.5796538,0,0,0,1,0,0,0,0
42266,443,6,144000,0,0,0,0,1148,1800,312.5,388.8888889,0,0,0,1,0,0,0,0
42276,443,6,142239,0,0,0,0,1096,1736,302.3080871,379.642714,0,0,0,1,0,0,0,0
42284,443,6,143462,0,0,0,0,1264,2024,341.553861,439.1406784,0,0,0,1,0,0,0,0
42282,443,6,186148,0,0,0,0,1232,1768,257.8593377,295.4638245,0,0,0,1,0,0,0,0
42280,443,6,142726,0,0,0,0,1264,1928,343.3151633,420.3859143,0,0,0,1,0,0,0,0
42278,443,6,141542,0,0,0,0,1164,1736,310.8617937,381.5122013,0,0,0,1,0,0,0,0
42292,443,6,109618,0,0,0,0,680,744,191.5743765,209.8195552,0,0,0,1,0,0,0,0
42286,443,6,188543,0,0,0,0,1240,2120,259.8876649,350.0527731,0,0,0,1,0,0,0,0
42294,443,6,141771,0,0,0,0,1176,1768,331.5205507,387.9495807,0,0,0,1,0,0,0,0
42290,443,6,216108,0,0,0,0,1244,1864,222.1111666,268.3843264,0,0,0,1,0,0,0,0
42288,443,6,198167,0,0,0,0,1116,1672,222.0349503,262.4049413,0,0,0,1,0,0,0,0
42296,443,6,129383,0,0,0,0,1112,1608,324.6176082,386.4495336,0,0,0,1,0,0,0,0
42302,443,6,123065,0,0,0,0,1048,1640,325.0314874,414.4151465,0,0,0,1,0,0,0,0
42300,443,6,141527,0,0,0,0,1148,1704,317.9605305,374.486847,0,0,0,1,0,0,0,0
42298,443,6,142160,0,0,0,0,1200,1864,330.6133934,407.9909961,0,0,0,1,0,0,0,0
42304,443,6,197510,0,0,0,0,1240,1832,248.0887044,288.5929826,0,0,0,1,0,0,0,0
42312,443,6,143658,0,0,0,0,1224,2024,327.1659079,438.5415361,0,0,0,1,0,0,0,0
42310,443,6,197458,0,0,0,0,1220,1864,243.0896697,293.7333509,0,0,0,1,0,0,0,0
42308,443,6,187013,0,0,0,0,1228,1992,262.0138707,331.5277548,0,0,0,1,0,0,0,0
42306,443,6,142868,0,0,0,0,1084,1704,300.9771257,370.9718061,0,0,0,1,0,0,0,0
42320,443,6,153015,0,0,0,0,712,872,143.7767539,176.4532889,0,0,0,1,0,0,0,0
42318,443,6,82618,0,0,0,0,392,392,145.2467985,145.2467985,0,0,0,1,0,0,0,0
42314,443,6,143452,0,0,0,0,1244,2088,334.6066977,453.1132365,0,0,0,1,0,0,0,0
42320,443,6,24058,0,0,0,0,540,960,1122.287804,1246.986449,1,0,0,0,0,0,0,0
42316,443,6,198395,0,0,0,0,1136,1800,226.8202324,282.2651781,0,0,0,1,0,0,0,0
42326,443,6,118945,0,0,0,0,616,808,159.7376939,210.1811762,0,0,0,1,0,0,0,0
42324,443,6,142273,0,0,0,0,1212,1736,330.3508044,379.5519881,0,0,0,1,0,0,0,0
42322,443,6,142936,0,0,0,0,1224,1832,328.8184922,398.7798735,0,0,0,1,0,0,0,0
42332,443,6,142803,0,0,0,0,1264,1896,343.1300463,413.1565863,0,0,0,1,0,0,0,0
42330,443,6,187656,0,0,0,0,1208,1832,255.7871851,303.7472823,0,0,0,1,0,0,0,0
42328,443,6,143460,0,0,0,0,1128,1736,306.7057019,376.4115433,0,0,0,1,0,0,0,0
42326,443,6,23445,0,0,0,0,460,928,981.0194071,1236.937513,1,0,0,0,0,0,0,0
42338,443,6,118468,0,0,0,0,712,872,185.7041564,227.9096465,0,0,0,1,0,0,0,0
42334,443,6,142724,0,0,0,0,1180,1800,322.300384,392.3656848,0,0,0,1,0,0,0,0
42336,443,6,142270,0,0,0,0,1096,1672,302.2422155,365.5022141,0,0,0,1,0,0,0,0
42346,443,6,122968,0,0,0,0,1108,1864,349.6844708,471.6674257,0,0,0,1,0,0,0,0
42344,443,6,142478,0,0,0,0,1284,2056,350.9313719,449.192156,0,0,0,1,0,0,0,0
42342,443,6,143531,0,0,0,0,1160,1800,313.5211209,390.1596171,0,0,0,1,0,0,0,0
42340,443,6,142245,0,0,0,0,1088,1800,295.2652114,393.6869486,0,0,0,1,0,0,0,0
42352,443,6,118879,0,0,0,0,680,872,176.6502074,227.1216952,0,0,0,1,0,0,0,0
42354,443,6,118011,0,0,0,0,680,840,177.9495132,220.3184449,0,0,0,1,0,0,0,0
42356,443,6,143745,0,0,0,0,1252,1896,340.881422,410.4490591,0,0,0,1,0,0,0,0
42354,443,6,23739,0,0,0,0,500,896,1053.119339,1179.49366,1,0,0,0,0,0,0,0
42352,443,6,23395,0,0,0,0,480,896,1025.860227,1196.836931,1,0,0,0,0,0,0,0
42350,443,6,142170,0,0,0,0,1148,1736,316.5224731,379.8269677,0,0,0,1,0,0,0,0
42348,443,6,143016,0,0,0,0,1224,1768,328.6345584,384.5723555,0,0,0,1,0,0,0,0
42360,443,6,35739,0,0,0,0,136,40,111.9225496,27.9806374,0,0,0,1,0,0,0,0
42364,443,6,313728,0,0,0,0,936,1736,92.43676051,172.123623,0,0,0,1,0,0,0,0
42366,443,6,118733,0,0,0,0,712,968,185.2896836,252.6677503,0,0,0,1,0,0,0,0
42366,443,6,23638,0,0,0,0,540,960,1142.228615,1269.142905,1,0,0,0,0,0,0,0
42362,443,6,143395,0,0,0,0,1036,1640,278.9497542,355.6609366,0,0,0,1,0,0,0,0
42358,443,6,188834,0,0,0,0,1160,1800,238.3045426,296.5567641,0,0,0,1,0,0,0,0
42374,443,6,143901,0,0,0,0,1244,1864,333.5626577,403.054878,0,0,0,1,0,0,0,0
42372,443,6,142310,0,0,0,0,1204,1736,323.2380015,379.4533062,0,0,0,1,0,0,0,0
42368,443,6,142471,0,0,0,0,1264,2024,343.9296418,442.1952538,0,0,0,1,0,0,0,0
42370,443,6,143392,0,0,0,0,1244,2088,334.7467083,453.3028342,0,0,0,1,0,0,0,0
42380,443,6,142776,0,0,0,0,1108,1704,301.1710652,371.2108478,0,0,0,1,0,0,0,0
42378,443,6,189269,0,0,0,0,1252,1800,258.8907851,295.8751829,0,0,0,1,0,0,0,0
42376,443,6,142761,0,0,0,0,1188,1832,329.2215661,399.2687078,0,0,0,1,0,0,0,0
42384,443,6,142255,0,0,0,0,1212,1896,330.3926048,414.7481635,0,0,0,1,0,0,0,0
42382,443,6,188499,0,0,0,0,1168,1896,244.0331248,312.999008,0,0,0,1,0,0,0,0
42392,443,6,118899,0,0,0,0,712,936,185.0309927,243.9044904,0,0,0,1,0,0,0,0
42390,443,6,186555,0,0,0,0,1180,1832,246.5760768,305.5399212,0,0,0,1,0,0,0,0
42388,443,6,196173,0,0,0,0,1160,1832,229.3893655,290.559863,0,0,0,1,0,0,0,0
42386,443,6,143040,0,0,0,0,1220,1864,335.5704698,405.4809843,0,0,0,1,0,0,0,0
42394,443,6,126748,0,0,0,0,1000,1672,244.5797961,410.2628838,0,0,0,1,0,0,0,0
42398,443,6,142635,0,0,0,0,1032,1768,287.4469801,385.5996074,0,0,0,1,0,0,0,0
42396,443,6,142665,0,0,0,0,1272,1896,350.471384,413.5562331,0,0,0,1,0,0,0,0
42400,443,6,143050,0,0,0,0,1200,2120,328.5564488,461.3771409,0,0,0,1,0,0,0,0
42406,443,6,142709,0,0,0,0,1168,1832,322.3342606,399.4141925,0,0,0,1,0,0,0,0
42404,443,6,144905,0,0,0,0,1228,1896,338.1525827,407.1633139,0,0,0,1,0,0,0,0
42402,443,6,143357,0,0,0,0,1208,2088,334.8284353,453.4135061,0,0,0,1,0,0,0,0
42408,443,6,142858,0,0,0,0,1292,1960,356.997858,426.997438,0,0,0,1,0,0,0,0
42416,443,6,196534,0,0,0,0,1220,1832,244.2325501,290.0261532,0,0,0,1,0,0,0,0
42414,443,6,142928,0,0,0,0,1244,1832,335.8334266,398.8021941,0,0,0,1,0,0,0,0
42412,443,6,123402,0,0,0,0,1128,1608,356.5582405,405.1798188,0,0,0,1,0,0,0,0
42410,443,6,142731,0,0,0,0,1212,1768,329.2907637,385.3402554,0,0,0,1,0,0,0,0
42418,443,6,127510,0,0,0,0,680,936,164.6929653,227.4331425,0,0,0,1,0,0,0,0
42426,443,6,142497,0,0,0,0,1264,1896,343.8668884,414.0438044,0,0,0,1,0,0,0,0
42424,443,6,186963,0,0,0,0,1208,1928,256.7352899,320.9191123,0,0,0,1,0,0,0,0
42422,443,6,197861,0,0,0,0,1168,1736,232.4864425,272.9188673,0,0,0,1,0,0,0,0
42420,443,6,142760,0,0,0,0,1212,1864,329.2238722,406.2762679,0,0,0,1,0,0,0,0
42418,443,6,23498,0,0,0,0,500,928,1063.920334,1234.147587,1,0,0,0,0,0,0,0
42434,443,6,142790,0,0,0,0,1284,1896,350.1645774,413.1942013,0,0,0,1,0,0,0,0
42432,443,6,194123,0,0,0,0,1200,1768,242.1145356,283.3255204,0,0,0,1,0,0,0,0
42430,443,6,142819,0,0,0,0,1244,1800,336.089736,392.104692,0,0,0,1,0,0,0,0
42428,443,6,186407,0,0,0,0,1208,1896,257.5010595,316.511719,0,0,0,1,0,0,0,0
42438,443,6,143033,0,0,0,0,1188,2120,328.5954989,461.4319772,0,0,0,1,0,0,0,0
42436,443,6,195544,0,0,0,0,1272,2120,255.6969275,337.5199444,0,0,0,1,0,0,0,0
42442,443,6,142215,0,0,0,0,1116,1704,309.3907112,372.6751749,0,0,0,1,0,0,0,0
42440,443,6,142395,0,0,0,0,1068,1704,287.9314583,372.2040802,0,0,0,1,0,0,0,0
42448,443,6,142742,0,0,0,0,1128,1800,308.2484482,392.3162069,0,0,0,1,0,0,0,0
42450,443,6,122673,0,0,0,0,1004,1576,317.9183683,399.4358987,0,0,0,1,0,0,0,0
42446,443,6,187038,0,0,0,0,1260,1928,267.3253563,320.7904276,0,0,0,1,0,0,0,0
42444,443,6,142470,0,0,0,0,1156,1928,322.8749912,421.1412929,0,0,0,1,0,0,0,0
39342,443,6,161,0,0,0,0,64,0,12422.36025,0.0,0,0,0,0,1,0,0,0
57100,465,6,2198477,0,0,0,0,552,744,7.732625813,10.46178786,0,0,0,1,0,0,0,0
57100,465,6,49,1,0,0,0,64,0,40816.32653,0.0,0,1,0,0,1,0,0,0
50084,80,6,50486,0,0,0,0,32,32,19.80747138,19.80747138,0,0,0,0,1,1,0,0
50094,80,6,51273,0,0,0,0,32,32,19.50344236,19.50344236,0,0,0,0,1,1,0,0
50096,80,6,50722,0,0,0,0,32,32,19.71531091,19.71531091,0,0,0,0,1,1,0,0
45544,80,6,50641,0,0,0,0,32,32,19.74684544,19.74684544,0,0,0,0,1,1,0,0
55786,80,6,51022,0,0,0,0,32,32,19.5993885,19.5993885,0,0,0,0,1,1,0,0
58870,80,6,51245,0,0,0,0,32,32,19.51409894,19.51409894,0,0,0,0,1,1,0,0
49324,80,6,50534,0,0,0,0,32,32,19.78865714,19.78865714,0,0,0,0,1,1,0,0
41514,80,6,50884,0,0,0,0,32,32,19.65254304,19.65254304,0,0,0,0,1,1,0,0
38682,80,6,50408,0,0,0,0,32,32,19.83812093,19.83812093,0,0,0,0,1,1,0,0
50276,80,6,83784,0,0,0,0,32,32,11.93545307,11.93545307,0,0,0,0,1,1,0,0
42970,80,6,50905,0,0,0,0,32,32,19.64443571,19.64443571,0,0,0,0,1,1,0,0
44290,80,6,46728,0,0,0,0,32,32,21.40044513,21.40044513,0,0,0,0,1,1,0,0
38054,80,6,50833,0,0,0,0,32,32,19.67226015,19.67226015,0,0,0,0,1,1,0,0
39960,80,6,50448,0,0,0,0,32,32,19.82239137,19.82239137,0,0,0,0,1,1,0,0
47851,443,6,116606690,0,0,0,0,380,372,0.154365071,0.154365071,0,0,0,1,0,0,0,0
123,123,17,91190,0,0,0,0,32,20,10.96611471,10.96611471,0,0,0,0,0,0,0,0
123,123,17,84776,0,0,0,0,32,32,11.79579126,11.79579126,0,0,0,0,0,0,0,0
51944,443,6,3,1,0,0,0,64,0,666666.6667,0.0,0,1,0,0,1,0,0,0
137,137,17,22,0,0,0,0,260,0,590909.0909,0.0,0,0,0,0,0,0,0,0
12886,53,17,313,0,0,0,0,40,64,6389.776358,6389.776358,0,0,0,0,0,0,0,0
33063,53,17,253,0,0,0,0,40,64,7905.13834,7905.13834,0,0,0,0,0,0,0,0
55975,53,17,188,0,0,0,0,64,64,10638.29787,10638.29787,0,0,0,0,0,0,0,0
52990,53,17,246,0,0,0,0,64,64,8130.081301,8130.081301,0,0,0,0,0,0,0,0
46646,53,17,260,0,0,0,0,64,64,7692.307692,7692.307692,0,0,0,0,0,0,0,0
23203,53,17,275,0,0,0,0,64,64,7272.727273,7272.727273,0,0,0,0,0,0,0,0
20147,53,17,25399,0,0,0,0,64,64,78.74325761,78.74325761,0,0,0,0,0,0,0,0
22398,53,17,25871,0,0,0,0,64,64,77.30663677,77.30663677,0,0,0,0,0,0,0,0
41305,53,17,186,0,0,0,0,64,64,10752.68817,10752.68817,0,0,0,0,0,0,0,0
6937,53,17,189,0,0,0,0,64,64,10582.01058,10582.01058,0,0,0,0,0,0,0,0
31924,53,17,61438,0,0,0,0,40,40,32.55314301,32.55314301,0,0,0,0,0,0,0,0
55785,53,17,61664,0,0,0,0,40,40,32.43383498,32.43383498,0,0,0,0,0,0,0,0
57952,53,17,290,0,0,0,0,64,64,6896.551724,6896.551724,0,0,0,0,0,0,0,0
15468,53,17,229,0,0,0,0,64,64,8733.624454,8733.624454,0,0,0,0,0,0,0,0
20382,53,17,266,0,0,0,0,40,40,7518.796992,7518.796992,0,0,0,0,0,0,0,0
20794,53,17,257,0,0,0,0,40,40,7782.101167,7782.101167,0,0,0,0,0,0,0,0
35450,53,17,259,0,0,0,0,64,64,7722.007722,7722.007722,0,0,0,0,0,0,0,0
1945,53,17,199,0,0,0,0,64,64,10050.25126,10050.25126,0,0,0,0,0,0,0,0
63262,53,17,255,0,0,0,0,64,64,7843.137255,7843.137255,0,0,0,0,0,0,0,0
19340,53,17,264,0,0,0,0,64,64,7575.757576,7575.757576,0,0,0,0,0,0,0,0
25570,53,17,198,0,0,0,0,64,64,10101.0101,10101.0101,0,0,0,0,0,0,0,0
28280,53,17,399,0,0,0,0,64,64,5012.531328,5012.531328,0,0,0,0,0,0,0,0
47647,53,17,24629,0,0,0,0,80,40,81.20508344,81.20508344,0,0,0,0,0,0,0,0
14250,53,17,320,0,0,0,0,64,64,6250.0,6250.0,0,0,0,0,0,0,0,0
5151,53,17,262,0,0,0,0,64,64,7633.587786,7633.587786,0,0,0,0,0,0,0,0
25323,53,17,60398,0,0,0,0,80,64,33.11367926,33.11367926,0,0,0,0,0,0,0,0
56789,53,17,250,0,0,0,0,64,64,8000.0,8000.0,0,0,0,0,0,0,0,0
22210,53,17,309,0,0,0,0,64,64,6472.491909,6472.491909,0,0,0,0,0,0,0,0
7077,53,17,271,0,0,0,0,40,40,7380.073801,7380.073801,0,0,0,0,0,0,0,0
48397,53,17,324,0,0,0,0,40,40,6172.839506,6172.839506,0,0,0,0,0,0,0,0
38595,53,17,322,0,0,0,0,64,64,6211.180124,6211.180124,0,0,0,0,0,0,0,0
55769,53,17,468,0,0,0,0,64,64,4273.504274,4273.504274,0,0,0,0,0,0,0,0
35988,53,17,332,0,0,0,0,64,64,6024.096386,6024.096386,0,0,0,0,0,0,0,0
52096,53,17,335,0,0,0,0,64,64,5970.149254,5970.149254,0,0,0,0,0,0,0,0
41329,53,17,242,0,0,0,0,64,64,8264.46281,8264.46281,0,0,0,0,0,0,0,0
45041,53,17,301,0,0,0,0,64,64,6644.518272,6644.518272,0,0,0,0,0,0,0,0
56501,443,6,3520858,1,0,0,0,160,32,1.420108394,0.284021679,0,1,0,0,1,0,0,0
56501,443,6,4,0,0,0,0,40,0,500000.0,0.0,1,0,0,0,0,0,0,0
45228,80,6,4024829,0,0,0,0,32,64,0.248457761,0.496915521,0,0,0,0,1,0,0,0
42102,443,6,5006404,0,0,0,0,32,96,0.199744168,0.599232503,0,0,0,0,1,0,0,0
45222,80,6,4942446,0,0,0,0,32,64,0.202328968,0.404657937,0,0,0,0,1,0,0,0
42101,443,6,5080229,0,0,0,0,32,96,0.19684152,0.590524561,0,0,0,0,1,0,0,0
45231,80,6,4910442,0,0,0,0,32,64,0.203647655,0.407295311,0,0,0,0,1,0,0,0
45229,80,6,4920527,0,0,0,0,32,64,0.203230264,0.406460528,0,0,0,0,1,0,0,0
42105,443,6,4984505,0,0,0,0,32,96,0.200621727,0.60186518,0,0,0,0,1,0,0,0
42104,443,6,4984564,0,0,0,0,32,96,0.200619352,0.601858056,0,0,0,0,1,0,0,0
45228,80,6,49920,0,0,0,0,32,32,20.03205128,20.03205128,0,0,0,0,1,1,0,0
42101,443,6,49,0,0,0,0,64,0,40816.32653,0.0,0,0,0,0,1,0,0,0
42102,443,6,161,0,0,0,0,64,0,12422.36025,0.0,0,0,0,0,1,0,0,0
42104,443,6,109,0,0,0,0,64,0,18348.62385,0.0,0,0,0,0,1,0,0,0
42105,443,6,242,0,0,0,0,64,0,8264.46281,0.0,0,0,0,0,1,0,0,0
45231,80,6,50075,0,0,0,0,32,32,19.97004493,19.97004493,0,0,0,0,1,1,0,0
45229,80,6,49961,0,0,0,0,32,32,20.01561218,20.01561218,0,0,0,0,1,1,0,0
45222,80,6,50133,0,0,0,0,32,32,19.94694114,19.94694114,0,0,0,0,1,1,0,0
33856,465,6,1804148,0,0,0,0,552,776,9.422730286,13.30267805,0,0,0,1,0,0,0,0
33856,465,6,48,1,0,0,0,64,0,41666.66667,0.0,0,1,0,0,1,0,0,0
51895,443,6,63874054,1,0,0,0,224,64,0.109590664,0.031311618,0,1,0,0,1,0,0,0
42170,443,6,4522563,1,0,0,0,160,32,1.105567794,0.221113559,0,1,0,0,1,0,0,0
42170,443,6,1064,0,0,0,0,60,20,2819.548872,939.8496241,1,0,0,0,0,0,0,0
57762,443,6,4522242,1,0,0,0,160,32,1.10564627,0.221129254,0,1,0,0,1,0,0,0
57764,443,6,4521670,1,0,0,0,160,32,1.105786137,0.221157227,0,1,0,0,1,0,0,0
57764,443,6,306,0,0,0,0,20,20,3267.973856,3267.973856,1,0,0,0,0,0,0,0
57762,443,6,872,0,0,0,0,60,20,3440.366972,1146.788991,1,0,0,0,0,0,0,0
123,123,17,94224,0,0,0,0,32,20,10.6130073,10.6130073,0,0,0,0,0,0,0,0
123,123,17,37212,0,0,0,0,20,20,26.8730517,26.8730517,0,0,0,0,0,0,0,0
38355,80,6,116038005,0,0,0,0,584,488,0.155121591,0.129267993,0,0,0,1,0,0,0,0
40295,443,6,116228748,0,0,0,0,744,744,0.197885638,0.197885638,0,0,0,1,0,0,0,0
36114,443,6,115799649,0,0,0,0,744,680,0.198618909,0.1813477,0,0,0,1,0,0,0,0
5733,53,17,207,0,0,0,0,64,64,9661.835749,9661.835749,0,0,0,0,0,0,0,0
54010,53,17,319,0,0,0,0,64,64,6269.592476,6269.592476,0,0,0,0,0,0,0,0
45188,53,17,50937,0,0,0,0,64,64,39.2641891,39.2641891,0,0,0,0,0,0,0,0
59737,53,17,254,0,0,0,0,64,64,7874.015748,7874.015748,0,0,0,0,0,0,0,0
11408,53,17,50659,0,0,0,0,64,64,39.47965811,39.47965811,0,0,0,0,0,0,0,0
23873,53,17,285,0,0,0,0,64,64,7017.54386,7017.54386,0,0,0,0,0,0,0,0
39941,53,17,255,0,0,0,0,64,64,7843.137255,7843.137255,0,0,0,0,0,0,0,0
21883,53,17,253,0,0,0,0,64,64,7905.13834,7905.13834,0,0,0,0,0,0,0,0
64008,53,17,101128,0,0,0,0,64,40,19.77691638,19.77691638,0,0,0,0,0,0,0,0
27047,53,17,51047,0,0,0,0,64,64,39.1795796,39.1795796,0,0,0,0,0,0,0,0
53527,443,6,271374,0,0,0,0,64,44,7.369902791,3.684951395,0,0,0,0,1,1,0,0
53528,443,6,269365,0,0,0,0,96,44,11.1373044,3.7124348,0,0,0,0,1,1,0,0
53526,443,6,263653,0,0,0,0,64,44,7.585728211,3.792864105,0,0,0,0,1,1,0,0
53524,443,6,269882,0,0,0,0,64,44,7.410646134,3.705323067,0,0,0,0,1,1,0,0
123,123,17,63021198,0,0,0,0,64,64,0.031735354,0.031735354,0,0,0,0,0,0,0,0
61286,53,17,113789,0,0,0,0,64,64,17.57639139,17.57639139,0,0,0,0,0,0,0,0
53530,389,6,115791754,0,0,0,0,728,408,0.189996258,0.112270516,0,0,0,1,0,0,0,0
53529,3268,6,115812212,0,0,0,0,728,408,0.189962696,0.112250684,0,0,0,1,0,0,0,0
53531,443,6,29841695,0,0,0,0,324,232,0.502652413,0.36861177,0,0,0,1,0,0,0,0
61539,53,17,23537,0,0,0,0,32,32,42.48629817,42.48629817,0,0,0,0,0,0,0,0
61522,53,17,24759,0,0,0,0,20,32,40.38935337,40.38935337,0,0,0,0,0,0,0,0
61739,53,17,60609,0,0,0,0,32,20,16.49919979,16.49919979,0,0,0,0,0,0,0,0
62293,53,17,23405,0,0,0,0,32,32,42.72591327,42.72591327,0,0,0,0,0,0,0,0
62405,53,17,120792,0,0,0,0,32,32,8.278693953,8.278693953,0,0,0,0,0,0,0,0
61381,53,17,59914,0,0,0,0,20,20,16.69058985,16.69058985,0,0,0,0,0,0,0,0
60109,53,17,76881,0,0,0,0,20,32,13.00711489,13.00711489,0,0,0,0,0,0,0,0
62316,53,17,71933,0,0,0,0,20,32,13.90182531,13.90182531,0,0,0,0,0,0,0,0
62049,53,17,77608,0,0,0,0,20,32,12.88526956,12.88526956,0,0,0,0,0,0,0,0
60602,53,17,82493,0,0,0,0,20,32,12.12224067,12.12224067,0,0,0,0,0,0,0,0
62501,53,17,225547,0,0,0,0,20,20,4.43366571,4.43366571,0,0,0,0,0,0,0,0
62538,53,17,63195130,0,0,0,0,52,40,0.031648008,0.031648008,0,0,0,0,0,0,0,0
60047,53,17,60069,0,0,0,0,20,32,16.64752202,16.64752202,0,0,0,0,0,0,0,0
62386,53,17,23604,0,0,0,0,20,32,42.36570073,42.36570073,0,0,0,0,0,0,0,0
61867,53,17,23441,0,0,0,0,32,20,42.66029606,42.66029606,0,0,0,0,0,0,0,0
60857,53,17,48481,0,0,0,0,32,20,20.62663724,20.62663724,0,0,0,0,0,0,0,0
60094,53,17,71392,0,0,0,0,32,20,14.00717167,14.00717167,0,0,0,0,0,0,0,0
60698,53,17,63041,0,0,0,0,32,32,15.86269253,15.86269253,0,0,0,0,0,0,0,0
62132,53,17,136471,0,0,0,0,20,32,7.327564098,7.327564098,0,0,0,0,0,0,0,0
61323,53,17,458,0,0,0,0,32,32,2183.406114,2183.406114,0,0,0,0,0,0,0,0
60347,53,17,47962,0,0,0,0,32,20,20.84983946,20.84983946,0,0,0,0,0,0,0,0
62077,53,17,23143,0,0,0,0,32,32,43.20960982,43.20960982,0,0,0,0,0,0,0,0
62515,53,17,23424,0,0,0,0,32,32,42.69125683,42.69125683,0,0,0,0,0,0,0,0
61475,53,17,49477,0,0,0,0,20,20,20.21141136,20.21141136,0,0,0,0,0,0,0,0
62046,53,17,123543,0,0,0,0,32,32,8.094347717,8.094347717,0,0,0,0,0,0,0,0
61462,53,17,48750,0,0,0,0,32,20,20.51282051,20.51282051,0,0,0,0,0,0,0,0
62196,53,17,122269,0,0,0,0,32,20,8.178687975,8.178687975,0,0,0,0,0,0,0,0
61064,53,17,98492066,0,0,0,0,72,72,0.030459306,0.030459306,0,0,0,0,0,0,0,0
61663,53,17,23285,0,0,0,0,20,20,42.94610264,42.94610264,0,0,0,0,0,0,0,0
61801,53,17,23032,0,0,0,0,32,32,43.41785342,43.41785342,0,0,0,0,0,0,0,0
60223,53,17,49777,0,0,0,0,20,32,20.08959961,20.08959961,0,0,0,0,0,0,0,0
62042,53,17,110695,0,0,0,0,32,20,9.0338317,9.0338317,0,0,0,0,0,0,0,0
61859,53,17,47993,0,0,0,0,20,20,20.83637197,20.83637197,0,0,0,0,0,0,0,0
62066,53,17,83410,0,0,0,0,20,20,11.98897015,11.98897015,0,0,0,0,0,0,0,0
60550,53,17,23520,0,0,0,0,20,20,42.5170068,42.5170068,0,0,0,0,0,0,0,0
60779,53,17,23306,0,0,0,0,20,20,42.90740582,42.90740582,0,0,0,0,0,0,0,0
60922,53,17,23689,0,0,0,0,20,20,42.21368568,42.21368568,0,0,0,0,0,0,0,0
61921,53,17,6839562,0,0,0,0,52,52,0.292416386,0.292416386,0,0,0,0,0,0,0,0
62105,53,17,23457,0,0,0,0,20,20,42.63119751,42.63119751,0,0,0,0,0,0,0,0
62186,53,17,25931,0,0,0,0,32,20,38.56388107,38.56388107,0,0,0,0,0,0,0,0
62226,53,17,60440,0,0,0,0,20,32,16.54533422,16.54533422,0,0,0,0,0,0,0,0
62301,53,17,46421,0,0,0,0,20,20,21.54197454,21.54197454,0,0,0,0,0,0,0,0
62343,53,17,46385,0,0,0,0,32,20,21.55869354,21.55869354,0,0,0,0,0,0,0,0
61242,53,17,60198,0,0,0,0,20,20,16.61184757,16.61184757,0,0,0,0,0,0,0,0
60788,53,17,92446,0,0,0,0,32,20,10.81712567,10.81712567,0,0,0,0,0,0,0,0
61558,53,17,23922,0,0,0,0,20,20,41.80252487,41.80252487,0,0,0,0,0,0,0,0
60947,53,17,23345,0,0,0,0,20,20,42.83572499,42.83572499,0,0,0,0,0,0,0,0
61157,53,17,23762,0,0,0,0,20,20,42.08399966,42.08399966,0,0,0,0,0,0,0,0
61421,53,17,60370,0,0,0,0,20,20,16.5645188,16.5645188,0,0,0,0,0,0,0,0
62148,53,17,16877560,0,0,0,0,40,52,0.118500542,0.118500542,0,0,0,0,0,0,0,0
60722,53,17,30793,0,0,0,0,20,20,32.47491313,32.47491313,0,0,0,0,0,0,0,0
62325,53,17,50907205,0,0,0,0,84,72,0.058930754,0.058930754,0,0,0,0,0,0,0,0
60516,53,17,76320,0,0,0,0,20,20,13.10272537,13.10272537,0,0,0,0,0,0,0,0
60243,53,17,60992,0,0,0,0,20,20,16.39559286,16.39559286,0,0,0,0,0,0,0,0
60835,53,17,48338,0,0,0,0,32,20,20.68765774,20.68765774,0,0,0,0,0,0,0,0
61415,53,17,5254984,0,0,0,0,52,52,0.380591073,0.380591073,0,0,0,0,0,0,0,0
60729,53,17,23563,0,0,0,0,20,20,42.43941773,42.43941773,0,0,0,0,0,0,0,0
62052,53,17,48951,0,0,0,0,20,32,20.42859186,20.42859186,0,0,0,0,0,0,0,0
61560,53,17,139895,0,0,0,0,20,20,7.148218307,7.148218307,0,0,0,0,0,0,0,0
61397,53,17,50361,0,0,0,0,32,20,19.85663509,19.85663509,0,0,0,0,0,0,0,0
60712,53,17,95459,0,0,0,0,20,20,10.47570161,10.47570161,0,0,0,0,0,0,0,0
61100,53,17,28722,0,0,0,0,20,20,34.81651696,34.81651696,0,0,0,0,0,0,0,0
60822,53,17,23215,0,0,0,0,20,20,43.07559767,43.07559767,0,0,0,0,0,0,0,0
60826,53,17,23414,0,0,0,0,20,32,42.70949005,42.70949005,0,0,0,0,0,0,0,0
60885,53,17,31040,0,0,0,0,20,20,32.21649485,32.21649485,0,0,0,0,0,0,0,0
62420,53,17,23422,0,0,0,0,32,20,42.69490223,42.69490223,0,0,0,0,0,0,0,0
62406,53,17,54912722,0,0,0,0,60,72,0.036421433,0.036421433,0,0,0,0,0,0,0,0
61652,53,17,2791073,0,0,0,0,52,52,0.716570294,0.716570294,0,0,0,0,0,0,0,0
61047,53,17,23420,0,0,0,0,20,32,42.69854825,42.69854825,0,0,0,0,0,0,0,0
60664,53,17,70539703,0,0,0,0,52,40,0.028352827,0.028352827,0,0,0,0,0,0,0,0
60081,53,17,23406,0,0,0,0,20,20,42.72408784,42.72408784,0,0,0,0,0,0,0,0
61296,53,17,70367096,0,0,0,0,52,40,0.028422375,0.028422375,0,0,0,0,0,0,0,0
61182,53,17,23529,0,0,0,0,20,20,42.50074376,42.50074376,0,0,0,0,0,0,0,0
62092,53,17,86782656,0,0,0,0,64,52,0.02304608,0.02304608,0,0,0,0,0,0,0,0
60179,53,17,23646,0,0,0,0,20,20,42.29045082,42.29045082,0,0,0,0,0,0,0,0
62094,53,17,23845,0,0,0,0,20,20,41.93751311,41.93751311,0,0,0,0,0,0,0,0
60532,53,17,64313,0,0,0,0,32,20,15.54895589,15.54895589,0,0,0,0,0,0,0,0
61393,53,17,168963,0,0,0,0,20,32,5.91845552,5.91845552,0,0,0,0,0,0,0,0
62333,53,17,23634,0,0,0,0,20,20,42.3119235,42.3119235,0,0,0,0,0,0,0,0
61144,53,17,81910,0,0,0,0,20,20,12.20852155,12.20852155,0,0,0,0,0,0,0,0
61154,53,17,47543,0,0,0,0,20,20,21.03359064,21.03359064,0,0,0,0,0,0,0,0
60888,53,17,47785,0,0,0,0,20,20,20.92706916,20.92706916,0,0,0,0,0,0,0,0
61002,53,17,128956,0,0,0,0,32,20,7.754582959,7.754582959,0,0,0,0,0,0,0,0
61223,53,17,48326,0,0,0,0,32,20,20.69279477,20.69279477,0,0,0,0,0,0,0,0
60703,53,17,62867219,0,0,0,0,40,52,0.031813082,0.031813082,0,0,0,0,0,0,0,0
62174,53,17,566,0,0,0,0,20,20,1766.784452,1766.784452,0,0,0,0,0,0,0,0
61832,53,17,23461,0,0,0,0,20,20,42.62392907,42.62392907,0,0,0,0,0,0,0,0
61762,53,17,279986,0,0,0,0,32,20,3.571607152,3.571607152,0,0,0,0,0,0,0,0
61984,53,17,62233,0,0,0,0,20,40,16.06864525,16.06864525,0,0,0,0,0,0,0,0
60807,53,17,60122,0,0,0,0,20,20,16.63284655,16.63284655,0,0,0,0,0,0,0,0
60232,53,17,61215,0,0,0,0,20,20,16.33586539,16.33586539,0,0,0,0,0,0,0,0
62233,53,17,58147679,0,0,0,0,52,40,0.034395182,0.034395182,0,0,0,0,0,0,0,0
61733,53,17,153357,0,0,0,0,20,20,6.52073267,6.52073267,0,0,0,0,0,0,0,0
61233,53,17,168759,0,0,0,0,20,20,5.925609893,5.925609893,0,0,0,0,0,0,0,0
60903,53,17,9740076,0,0,0,0,52,40,0.205337207,0.205337207,0,0,0,0,0,0,0,0
61054,53,17,153871,0,0,0,0,20,32,6.49895042,6.49895042,0,0,0,0,0,0,0,0
60367,53,17,46556,0,0,0,0,20,32,21.47950855,21.47950855,0,0,0,0,0,0,0,0
60296,53,17,60516,0,0,0,0,20,32,16.52455549,16.52455549,0,0,0,0,0,0,0,0
62311,53,17,76755,0,0,0,0,32,20,13.0284672,13.0284672,0,0,0,0,0,0,0,0
61151,53,17,48835,0,0,0,0,20,20,20.47711682,20.47711682,0,0,0,0,0,0,0,0
62075,53,17,405,0,0,0,0,32,32,2469.135802,2469.135802,0,0,0,0,0,0,0,0
61015,53,17,491,0,0,0,0,32,32,2036.659878,2036.659878,0,0,0,0,0,0,0,0
62327,53,17,109665,0,0,0,0,32,40,9.118679615,9.118679615,0,0,0,0,0,0,0,0
60653,53,17,25309,0,0,0,0,32,32,39.51163618,39.51163618,0,0,0,0,0,0,0,0
60579,53,17,50906,0,0,0,0,20,32,19.64404982,19.64404982,0,0,0,0,0,0,0,0
60406,53,17,163477,0,0,0,0,32,32,6.117068456,6.117068456,0,0,0,0,0,0,0,0
62350,53,17,61496,0,0,0,0,32,32,16.26122024,16.26122024,0,0,0,0,0,0,0,0
61754,53,17,47682,0,0,0,0,32,32,20.97227465,20.97227465,0,0,0,0,0,0,0,0
60051,53,17,50483,0,0,0,0,20,32,19.80864846,19.80864846,0,0,0,0,0,0,0,0
60848,53,17,59986,0,0,0,0,32,20,16.67055646,16.67055646,0,0,0,0,0,0,0,0
61855,53,17,69489,0,0,0,0,32,32,14.39076688,14.39076688,0,0,0,0,0,0,0,0
60074,53,17,60216,0,0,0,0,32,32,16.60688189,16.60688189,0,0,0,0,0,0,0,0
60492,53,17,48175,0,0,0,0,32,32,20.75765439,20.75765439,0,0,0,0,0,0,0,0
62459,53,17,48180,0,0,0,0,32,32,20.75550021,20.75550021,0,0,0,0,0,0,0,0
62349,53,17,61544,0,0,0,0,20,20,16.24853763,16.24853763,0,0,0,0,0,0,0,0
61862,53,17,58876,0,0,0,0,20,20,16.98484951,16.98484951,0,0,0,0,0,0,0,0
61247,53,17,60270,0,0,0,0,20,20,16.59200265,16.59200265,0,0,0,0,0,0,0,0
60837,53,17,60287,0,0,0,0,20,20,16.58732397,16.58732397,0,0,0,0,0,0,0,0
61029,53,17,93196139,0,0,0,0,52,52,0.021460116,0.021460116,0,0,0,0,0,0,0,0
62136,53,17,23574,0,0,0,0,20,20,42.41961483,42.41961483,0,0,0,0,0,0,0,0
62135,53,17,23589,0,0,0,0,20,20,42.39264064,42.39264064,0,0,0,0,0,0,0,0
60456,53,17,23753,0,0,0,0,20,20,42.09994527,42.09994527,0,0,0,0,0,0,0,0
60183,53,17,182832,0,0,0,0,20,20,5.469502057,5.469502057,0,0,0,0,0,0,0,0
61685,53,17,23595,0,0,0,0,20,20,42.38186056,42.38186056,0,0,0,0,0,0,0,0
61592,53,17,24134,0,0,0,0,32,20,41.43531947,41.43531947,0,0,0,0,0,0,0,0
61465,53,17,23875,0,0,0,0,32,20,41.88481675,41.88481675,0,0,0,0,0,0,0,0
60318,53,17,46720,0,0,0,0,32,32,21.40410959,21.40410959,0,0,0,0,0,0,0,0
62146,53,17,23194,0,0,0,0,32,20,43.1145986,43.1145986,0,0,0,0,0,0,0,0
60930,53,17,45669072,0,0,0,0,72,52,0.043793314,0.043793314,0,0,0,0,0,0,0,0
61819,53,17,23853,0,0,0,0,40,32,41.92344778,41.92344778,0,0,0,0,0,0,0,0
61237,53,17,75309,0,0,0,0,32,32,13.2786254,13.2786254,0,0,0,0,0,0,0,0
60076,53,17,24108,0,0,0,0,40,32,41.48000664,41.48000664,0,0,0,0,0,0,0,0
61318,53,17,59827,0,0,0,0,32,32,16.71486118,16.71486118,0,0,0,0,0,0,0,0
60791,53,17,23981,0,0,0,0,32,20,41.69967891,41.69967891,0,0,0,0,0,0,0,0
62413,53,17,679,0,0,0,0,20,20,1472.75405,1472.75405,0,0,0,0,0,0,0,0
60096,53,17,23183,0,0,0,0,20,32,43.13505586,43.13505586,0,0,0,0,0,0,0,0
60487,53,17,49577793,0,0,0,0,80,64,0.040340642,0.040340642,0,0,0,0,0,0,0,0
60291,53,17,46296,0,0,0,0,32,32,21.60013824,21.60013824,0,0,0,0,0,0,0,0
60607,53,17,59612,0,0,0,0,32,32,16.77514594,16.77514594,0,0,0,0,0,0,0,0
60577,53,17,23502,0,0,0,0,32,32,42.54957025,42.54957025,0,0,0,0,0,0,0,0
62476,53,17,49306,0,0,0,0,20,20,20.28150732,20.28150732,0,0,0,0,0,0,0,0
62466,53,17,47466,0,0,0,0,20,32,21.06771163,21.06771163,0,0,0,0,0,0,0,0
60366,53,17,23365,0,0,0,0,20,20,42.79905842,42.79905842,0,0,0,0,0,0,0,0
60628,53,17,23184,0,0,0,0,32,20,43.13319531,43.13319531,0,0,0,0,0,0,0,0
61523,53,17,47593,0,0,0,0,20,20,21.01149329,21.01149329,0,0,0,0,0,0,0,0
61122,53,17,100696,0,0,0,0,20,32,9.930881068,9.930881068,0,0,0,0,0,0,0,0
61356,53,17,23539,0,0,0,0,20,32,42.4826883,42.4826883,0,0,0,0,0,0,0,0
62158,53,17,80761879,0,0,0,0,52,52,0.024764159,0.024764159,0,0,0,0,0,0,0,0
60586,53,17,46633606,0,0,0,0,64,52,0.042887526,0.042887526,0,0,0,0,0,0,0,0
62461,53,17,23484,0,0,0,0,32,32,42.58218361,42.58218361,0,0,0,0,0,0,0,0
60617,53,17,88178949,0,0,0,0,64,52,0.02268115,0.02268115,0,0,0,0,0,0,0,0
60699,53,17,69202,0,0,0,0,20,20,14.45044941,14.45044941,0,0,0,0,0,0,0,0
62371,53,17,68994,0,0,0,0,20,20,14.49401397,14.49401397,0,0,0,0,0,0,0,0
60213,53,17,58985,0,0,0,0,20,20,16.95346274,16.95346274,0,0,0,0,0,0,0,0
62532,53,17,11214353,0,0,0,0,60,52,0.178342879,0.178342879,0,0,0,0,0,0,0,0
61970,53,17,61221,0,0,0,0,20,20,16.33426439,16.33426439,0,0,0,0,0,0,0,0
61261,53,17,59528,0,0,0,0,20,20,16.79881736,16.79881736,0,0,0,0,0,0,0,0
61045,53,17,60981,0,0,0,0,20,20,16.39855037,16.39855037,0,0,0,0,0,0,0,0
61150,53,17,45801809,0,0,0,0,52,60,0.043666398,0.043666398,0,0,0,0,0,0,0,0
61259,53,17,161240,0,0,0,0,20,20,6.201935004,6.201935004,0,0,0,0,0,0,0,0
60398,53,17,23626,0,0,0,0,20,20,42.32625074,42.32625074,0,0,0,0,0,0,0,0
61024,53,17,46958,0,0,0,0,40,32,21.29562588,21.29562588,0,0,0,0,0,0,0,0
60308,53,17,100328,0,0,0,0,20,20,9.967307232,9.967307232,0,0,0,0,0,0,0,0
60906,53,17,386099,0,0,0,0,20,32,2.590009298,2.590009298,0,0,0,0,0,0,0,0
61704,53,17,23346,0,0,0,0,20,32,42.83389017,42.83389017,0,0,0,0,0,0,0,0
62083,53,17,23348,0,0,0,0,20,40,42.830221,42.830221,0,0,0,0,0,0,0,0
61334,53,17,47946,0,0,0,0,32,32,20.85679723,20.85679723,0,0,0,0,0,0,0,0
61629,53,17,85018123,0,0,0,0,84,60,0.035286594,0.035286594,0,0,0,0,0,0,0,0
61039,53,17,23634,0,0,0,0,32,32,42.3119235,42.3119235,0,0,0,0,0,0,0,0
60385,53,17,62151,0,0,0,0,20,40,16.0898457,16.0898457,0,0,0,0,0,0,0,0
62319,53,17,50935855,0,0,0,0,52,40,0.039265072,0.039265072,0,0,0,0,0,0,0,0
62415,53,17,49115742,0,0,0,0,40,40,0.040720142,0.040720142,0,0,0,0,0,0,0,0
60663,53,17,46745,0,0,0,0,20,32,21.39266232,21.39266232,0,0,0,0,0,0,0,0
60248,53,17,71242,0,0,0,0,20,20,14.03666377,14.03666377,0,0,0,0,0,0,0,0
60688,53,17,51677,0,0,0,0,20,32,19.35096852,19.35096852,0,0,0,0,0,0,0,0
61399,53,17,48246,0,0,0,0,40,32,20.72710691,20.72710691,0,0,0,0,0,0,0,0
61383,53,17,48060,0,0,0,0,40,32,20.80732418,20.80732418,0,0,0,0,0,0,0,0
62489,53,17,108469,0,0,0,0,40,20,9.219223926,9.219223926,0,0,0,0,0,0,0,0
60721,53,17,59807,0,0,0,0,20,20,16.72045078,16.72045078,0,0,0,0,0,0,0,0
61420,53,17,47846,0,0,0,0,32,32,20.90038875,20.90038875,0,0,0,0,0,0,0,0
60517,53,17,34008655,0,0,0,0,60,40,0.058808559,0.058808559,0,0,0,0,0,0,0,0
61413,53,17,99267,0,0,0,0,40,32,10.07384126,10.07384126,0,0,0,0,0,0,0,0
61607,53,17,39665660,0,0,0,0,80,64,0.050421448,0.050421448,0,0,0,0,0,0,0,0
60226,53,17,82643,0,0,0,0,20,32,12.10023837,12.10023837,0,0,0,0,0,0,0,0
60984,53,17,48207,0,0,0,0,20,20,20.74387537,20.74387537,0,0,0,0,0,0,0,0
62330,53,17,23536,0,0,0,0,32,20,42.48810333,42.48810333,0,0,0,0,0,0,0,0
62117,53,17,75249,0,0,0,0,20,32,13.28921315,13.28921315,0,0,0,0,0,0,0,0
60504,53,17,23540,0,0,0,0,20,32,42.4808836,42.4808836,0,0,0,0,0,0,0,0
60583,53,17,60892,0,0,0,0,32,32,16.42251856,16.42251856,0,0,0,0,0,0,0,0
62078,53,17,60642,0,0,0,0,32,32,16.4902213,16.4902213,0,0,0,0,0,0,0,0
61479,53,17,70921565,0,0,0,0,104,84,0.042300251,0.042300251,0,0,0,0,0,0,0,0
61327,53,17,148394,0,0,0,0,40,20,6.738816933,6.738816933,0,0,0,0,0,0,0,0
61367,53,17,46639,0,0,0,0,32,20,21.44128305,21.44128305,0,0,0,0,0,0,0,0
61782,53,17,50437,0,0,0,0,32,32,19.82671452,19.82671452,0,0,0,0,0,0,0,0
60377,53,17,23365,0,0,0,0,40,32,42.79905842,42.79905842,0,0,0,0,0,0,0,0
61721,53,17,77690849,0,0,0,0,52,40,0.025743058,0.025743058,0,0,0,0,0,0,0,0
60371,53,17,47291,0,0,0,0,32,40,21.14567254,21.14567254,0,0,0,0,0,0,0,0
60164,53,17,101441,0,0,0,0,20,32,9.857946984,9.857946984,0,0,0,0,0,0,0,0
62304,53,17,50905,0,0,0,0,20,20,19.64443571,19.64443571,0,0,0,0,0,0,0,0
60396,53,17,11897,0,0,0,0,32,20,84.05480373,84.05480373,0,0,0,0,0,0,0,0
62315,53,17,253686,0,0,0,0,32,20,3.941880908,3.941880908,0,0,0,0,0,0,0,0
61052,53,17,493,0,0,0,0,20,20,2028.397566,2028.397566,0,0,0,0,0,0,0,0
62337,53,17,61130,0,0,0,0,20,20,16.35858008,16.35858008,0,0,0,0,0,0,0,0
61982,53,17,68909951,0,0,0,0,64,52,0.029023384,0.029023384,0,0,0,0,0,0,0,0
61897,53,17,88736,0,0,0,0,20,32,11.26938334,11.26938334,0,0,0,0,0,0,0,0
60929,53,17,60813,0,0,0,0,32,32,16.44385247,16.44385247,0,0,0,0,0,0,0,0
60352,53,17,23307,0,0,0,0,20,20,42.90556485,42.90556485,0,0,0,0,0,0,0,0
61670,53,17,48440,0,0,0,0,32,32,20.64409579,20.64409579,0,0,0,0,0,0,0,0
61609,53,17,48010,0,0,0,0,32,32,20.82899396,20.82899396,0,0,0,0,0,0,0,0
60322,53,17,50248,0,0,0,0,32,32,19.9012896,19.9012896,0,0,0,0,0,0,0,0
61552,53,17,50437,0,0,0,0,32,32,19.82671452,19.82671452,0,0,0,0,0,0,0,0
60078,53,17,23686,0,0,0,0,20,32,42.21903234,42.21903234,0,0,0,0,0,0,0,0
61665,53,17,100601,0,0,0,0,32,20,9.940259043,9.940259043,0,0,0,0,0,0,0,0
60739,53,17,50575,0,0,0,0,32,32,19.77261493,19.77261493,0,0,0,0,0,0,0,0
62450,53,17,59933,0,0,0,0,40,32,16.68529858,16.68529858,0,0,0,0,0,0,0,0
62140,53,17,23970,0,0,0,0,40,20,41.71881519,41.71881519,0,0,0,0,0,0,0,0
61879,53,17,83257,0,0,0,0,32,32,12.01100208,12.01100208,0,0,0,0,0,0,0,0
60245,53,17,46308,0,0,0,0,32,32,21.5945409,21.5945409,0,0,0,0,0,0,0,0
61748,53,17,559,0,0,0,0,32,32,1788.908766,1788.908766,0,0,0,0,0,0,0,0
60267,53,17,528,0,0,0,0,20,20,1893.939394,1893.939394,0,0,0,0,0,0,0,0
54865,443,6,4070556,1,0,0,0,100,40,1.228333427,0.491333371,0,1,0,0,1,0,0,0
54977,443,6,117825607,1,0,0,0,120,100,0.050922717,0.042435597,0,1,0,0,1,0,0,0
55054,80,6,6053842,0,0,0,0,72,32,0.495553072,0.165184357,0,0,0,1,0,0,0,0
55055,80,6,6053454,0,0,0,0,72,32,0.495584835,0.165194945,0,0,0,1,0,0,0,0
55058,80,6,46408210,0,0,0,0,172,240,0.172383292,0.193931203,0,0,0,1,0,0,0,0
55057,80,6,67509592,0,0,0,0,352,472,0.251816068,0.296254197,0,0,0,1,0,0,0,0
55058,80,6,117,0,0,0,0,40,0,17094.01709,0.0,0,0,0,0,1,0,0,0
54863,443,6,5625627,1,0,0,0,100,40,0.888789818,0.355515927,0,1,0,0,1,0,0,0
55216,443,6,18087031,0,0,0,0,232,224,0.608170573,0.552882339,0,0,0,1,0,0,0,0
55216,443,6,161,0,0,0,0,40,0,12422.36025,0.0,0,0,0,0,1,0,0,0
55158,443,6,20130499,0,0,0,0,312,292,0.745138012,0.695462144,0,0,0,1,0,0,0,0
55158,443,6,186,0,0,0,0,40,0,10752.68817,0.0,0,0,0,0,1,0,0,0
54871,443,6,4070940,1,0,0,0,100,40,1.228217562,0.491287025,0,1,0,0,1,0,0,0
54925,443,6,4948715,1,0,0,0,100,20,1.010363296,0.202072659,0,1,0,0,1,0,0,0
55278,443,6,117909281,0,0,0,0,252,252,0.101773159,0.101773159,0,0,0,1,0,0,0,0
55285,80,6,109869486,0,0,0,0,112,72,0.045508541,0.027305125,0,0,0,1,0,0,0,0
55016,443,6,117167285,0,0,0,0,432,484,0.179230918,0.145091695,0,0,0,1,0,0,0,0
55017,443,6,117309076,0,0,0,0,772,944,0.323930605,0.340979585,0,0,0,1,0,0,0,0
55261,443,6,115668434,0,0,0,0,412,504,0.172908021,0.155617219,0,0,0,1,0,0,0,0
55137,443,6,117297975,0,0,0,0,452,544,0.18755652,0.170505927,0,0,0,1,0,0,0,0
55153,443,6,6236045,0,0,0,0,192,132,1.443222427,0.962148285,0,0,0,1,0,0,0,0
55011,443,6,4722112,0,0,0,0,39396,38712,341.1609043,409.7742705,0,0,0,1,0,0,0,0
55069,443,6,66591027,0,0,0,0,392,392,0.285323727,0.285323727,0,0,0,1,0,0,0,0
55110,443,6,66999539,0,0,0,0,1412,1892,1.044783308,1.402994728,0,0,0,1,0,0,0,0
55143,443,6,2303909,0,0,0,0,232,152,4.774494131,3.038314447,0,0,0,1,0,0,0,0
55144,443,6,2303889,0,0,0,0,232,172,4.774535579,3.472389512,0,0,0,1,0,0,0,0
55145,443,6,2304023,0,0,0,0,232,132,4.774257896,2.60414067,0,0,0,1,0,0,0,0
55050,443,6,115121789,0,0,0,0,972,1304,0.41694974,0.503814269,0,0,0,1,0,0,0,0
55159,443,6,116519066,0,0,0,0,452,524,0.188810302,0.163063442,0,0,0,1,0,0,0,0
55226,443,6,118879914,0,0,0,0,592,644,0.243943649,0.210296249,0,0,0,1,0,0,0,0
55232,443,6,117750069,0,0,0,0,532,584,0.220806665,0.186836409,0,0,0,1,0,0,0,0
55236,443,6,117647974,0,0,0,0,532,564,0.220998281,0.178498611,0,0,0,1,0,0,0,0
55252,443,6,115587117,0,0,0,0,392,484,0.164378181,0.147075214,0,0,0,1,0,0,0,0
55247,443,6,117138689,0,0,0,0,452,504,0.187811561,0.153664004,0,0,0,1,0,0,0,0
55254,443,6,5939232,0,0,0,0,132,92,1.010231626,0.673487751,0,0,0,1,0,0,0,0
55210,443,6,119952278,0,0,0,0,312,252,0.12504973,0.100039784,0,0,0,1,0,0,0,0
55228,443,6,65730249,0,0,0,0,252,364,0.182564347,0.212991738,0,0,0,1,0,0,0,0
55239,443,6,67518313,0,0,0,0,352,424,0.251783542,0.251783542,0,0,0,1,0,0,0,0
55036,443,6,1321517,0,0,0,0,152,152,5.296942832,5.296942832,0,0,0,1,0,0,0,0
55035,443,6,6531677,0,0,0,0,172,112,1.224800308,0.765500192,0,0,0,1,0,0,0,0
55036,443,6,587955,0,0,0,0,40,0,3.401620872,0.0,0,0,0,0,1,0,0,0
55275,443,6,5945232,0,0,0,0,172,112,1.345616117,0.841010073,0,0,0,1,0,0,0,0
55277,443,6,5899296,0,0,0,0,192,164,1.525605767,1.356094015,0,0,0,1,0,0,0,0
55266,443,6,117996713,0,0,0,0,292,252,0.118647373,0.101697748,0,0,0,1,0,0,0,0
55267,443,6,434298,0,0,0,0,192,172,20.72309796,18.42053152,0,0,0,1,0,0,0,0
55214,443,6,118643745,0,0,0,0,432,392,0.177000482,0.160143293,0,0,0,1,0,0,0,0
55221,443,6,119658268,0,0,0,0,452,392,0.183856915,0.158785517,0,0,0,1,0,0,0,0
55164,443,6,119885930,0,0,0,0,492,524,0.200190298,0.158483986,0,0,0,1,0,0,0,0
55063,443,6,5702196,0,0,0,0,192,112,1.578339292,0.876855162,0,0,0,1,0,0,0,0
55203,443,6,6099122,0,0,0,0,212,152,1.639580254,1.147706178,0,0,0,1,0,0,0,0
54832,443,6,117449279,1,0,0,0,2480,3596,1.055774893,1.515547831,0,1,0,0,1,0,0,0
55140,443,6,1843066,0,0,0,0,252,152,6.510890006,3.79801917,0,0,0,1,0,0,0,0
55156,443,6,4403356,0,0,0,0,212,152,2.270995123,1.589696586,0,0,0,1,0,0,0,0
55180,443,6,923198,0,0,0,0,192,92,9.748721293,4.332765019,0,0,0,1,0,0,0,0
54818,443,6,115252521,0,0,0,0,372,472,0.156178796,0.147502197,0,0,0,0,1,0,0,0
55077,443,6,65421743,0,0,0,0,492,512,0.366850513,0.382135951,0,0,0,1,0,0,0,0
55096,443,6,2000157,0,0,0,0,172,132,3.999686025,2.999764518,0,0,0,1,0,0,0,0
55085,443,6,3186365,0,0,0,0,252,172,3.76604689,2.510697927,0,0,0,1,0,0,0,0
55118,443,6,119377591,0,0,0,0,312,252,0.125651723,0.100521378,0,0,0,1,0,0,0,0
55160,443,6,20660847,0,0,0,0,232,184,0.532407989,0.435606536,0,0,0,1,0,0,0,0
55160,443,6,158,0,0,0,0,40,0,12658.22785,0.0,0,0,0,0,1,0,0,0
54882,443,6,101523,0,0,0,0,80,0,39.39993893,0.0,0,0,0,0,1,0,0,0
54864,443,6,5625902,1,0,0,0,100,40,0.888746373,0.355498549,0,1,0,0,1,0,0,0
55268,443,6,117674139,0,0,0,0,252,252,0.101976527,0.101976527,0,0,0,1,0,0,0,0
55271,443,6,307845,0,0,0,0,232,192,35.73226786,29.23549189,0,0,0,1,0,0,0,0
55270,443,6,343723,0,0,0,0,272,272,37.8211525,37.8211525,0,0,0,1,0,0,0,0
55269,443,6,117364502,0,0,0,0,312,332,0.127806958,0.136327422,0,0,0,1,0,0,0,0
54862,443,6,119529286,1,0,0,0,220,240,0.092027656,0.100393806,0,1,0,0,1,0,0,0
54842,80,6,114168519,1,0,0,0,880,1200,0.385395207,0.525538918,0,1,0,0,1,0,0,0
55219,443,6,13742485,0,0,0,0,232,212,0.800437475,0.727670432,0,0,0,1,0,0,0,0
55219,443,6,144,0,0,0,0,40,0,13888.88889,0.0,0,0,0,0,1,0,0,0
55169,443,6,34553867,0,0,0,0,252,256,0.347283851,0.31834353,0,0,0,1,0,0,0,0
55169,443,6,117,0,0,0,0,40,0,17094.01709,0.0,0,0,0,0,1,0,0,0
55037,80,6,47374,0,0,0,0,72,92,63.32587495,84.43449994,0,0,0,1,0,0,0,0
55037,80,6,32594,0,0,0,0,40,0,61.36098668,0.0,0,0,0,0,1,0,0,0
55083,80,6,619704,0,0,0,0,72,92,4.841020874,6.454694499,0,0,0,1,0,0,0,0
55083,80,6,865239,0,0,0,0,40,0,2.31150006,0.0,0,0,0,0,1,0,0,0
55101,80,6,3373903,0,0,0,0,84,84,0.889177905,0.889177905,0,0,0,1,0,0,0,0
55116,80,6,306836,0,0,0,0,72,92,9.777209975,13.03627997,0,0,0,1,0,0,0,0
55114,80,6,263099,0,0,0,0,72,92,11.40255189,15.20340252,0,0,0,1,0,0,0,0
55114,80,6,454056,0,0,0,0,40,0,4.404743027,0.0,0,0,0,0,1,0,0,0
55116,80,6,468718,0,0,0,0,40,0,4.266957958,0.0,0,0,0,0,1,0,0,0
55101,80,6,327374,0,0,0,0,40,0,6.109220647,0.0,0,0,0,0,1,0,0,0
55167,80,6,752039,0,0,0,0,72,92,3.989154818,5.31887309,0,0,0,1,0,0,0,0
55167,80,6,1415449,0,0,0,0,40,0,1.412979203,0.0,0,0,0,0,1,0,0,0
55182,80,6,282078,0,0,0,0,72,92,10.63535618,14.1804749,0,0,0,1,0,0,0,0
55182,80,6,112543,0,0,0,0,40,0,17.77098531,0.0,0,0,0,0,1,0,0,0
55206,80,6,358901,0,0,0,0,72,92,8.358851048,11.14513473,0,0,0,1,0,0,0,0
55206,80,6,126941,0,0,0,0,40,0,15.75535091,0.0,0,0,0,0,1,0,0,0
55234,80,6,240540,0,0,0,0,72,92,12.47193814,16.62925085,0,0,0,1,0,0,0,0
55234,80,6,327216,0,0,0,0,40,0,6.112170554,0.0,0,0,0,0,1,0,0,0
55032,443,6,2214462,0,0,0,0,232,264,4.967346471,5.870500374,0,0,0,1,0,0,0,0
55032,443,6,206408,0,0,0,0,40,0,9.689546917,0.0,0,0,0,0,1,0,0,0
55284,443,6,1578813,0,0,0,0,132,144,3.800323408,4.433710642,0,0,0,1,0,0,0,0
55284,443,6,123,0,0,0,0,40,0,16260.1626,0.0,0,0,0,0,1,0,0,0
55172,443,6,116872014,0,0,0,0,412,504,0.171127367,0.15401463,0,0,0,1,0,0,0,0
55165,443,6,2999951,0,0,0,0,152,172,2.333371445,2.666710223,0,0,0,1,0,0,0,0
55165,443,6,1154468,0,0,0,0,40,0,1.732399685,0.0,0,0,0,0,1,0,0,0
55199,443,6,991465,0,0,0,0,132,152,6.05165084,7.060259313,0,0,0,1,0,0,0,0
55199,443,6,506755,0,0,0,0,40,0,3.946680348,0.0,0,0,0,0,1,0,0,0
55224,443,6,715532,0,0,0,0,132,152,8.385369208,9.782930742,0,0,0,1,0,0,0,0
55224,443,6,1082446,0,0,0,0,60,0,2.771500842,0.0,0,0,0,0,1,0,0,0
55147,443,6,118069042,0,0,0,0,432,504,0.177862034,0.152453172,0,0,0,1,0,0,0,0
55157,443,6,68173668,0,0,0,0,472,348,0.337373662,0.249363141,0,0,0,1,0,0,0,0
55245,443,6,302882,0,0,0,0,72,28,9.904847432,3.301615811,0,0,0,1,0,0,0,0
55150,443,6,32292318,0,0,0,0,212,248,0.309671173,0.371605408,0,0,0,1,0,0,0,0
55150,443,6,248,0,0,0,0,60,0,12096.77419,0.0,0,0,0,0,1,0,0,0
55039,443,6,6504592,0,0,0,0,192,168,1.383637898,1.229900353,0,0,0,1,0,0,0,0
55043,443,6,6504461,0,0,0,0,192,168,1.383665764,1.229925124,0,0,0,1,0,0,0,0
55040,443,6,6505375,0,0,0,0,192,148,1.38347136,1.07603328,0,0,0,1,0,0,0,0
55041,443,6,117262713,0,0,0,0,452,408,0.18761292,0.1705572,0,0,0,1,0,0,0,0
55042,443,6,110806680,0,0,0,0,672,728,0.29781598,0.32489016,0,0,0,1,0,0,0,0
55038,443,6,110807246,0,0,0,0,492,488,0.216592334,0.216592334,0,0,0,1,0,0,0,0
55181,443,6,116862964,0,0,0,0,572,588,0.239596867,0.248153898,0,0,0,1,0,0,0,0
55186,443,6,119073459,0,0,0,0,692,708,0.285538022,0.2939362,0,0,0,1,0,0,0,0
55200,443,6,117629689,0,0,0,0,512,468,0.212531379,0.195528869,0,0,0,1,0,0,0,0
55195,443,6,117331277,0,0,0,0,592,588,0.247163423,0.247163423,0,0,0,1,0,0,0,0
55205,443,6,116910699,0,0,0,0,472,428,0.196731353,0.179624279,0,0,0,1,0,0,0,0
55207,443,6,116910348,0,0,0,0,472,428,0.196731944,0.179624818,0,0,0,1,0,0,0,0
55170,443,6,116106548,0,0,0,0,412,428,0.172255573,0.180868352,0,0,0,1,0,0,0,0
61822,53,17,61017,0,0,0,0,104,40,65.55550093,32.77775046,0,0,0,0,0,0,0,0
65155,53,17,214,0,0,0,0,64,64,9345.794393,9345.794393,0,0,0,0,0,0,0,0
52064,53,17,23896,0,0,0,0,64,64,83.69601607,83.69601607,0,0,0,0,0,0,0,0
59990,53,17,93260,0,0,0,0,80,104,42.89084281,42.89084281,0,0,0,0,0,0,0,0
50835,53,17,170,0,0,0,0,40,40,11764.70588,11764.70588,0,0,0,0,0,0,0,0
64884,53,17,121266,0,0,0,0,128,64,32.98533802,16.49266901,0,0,0,0,0,0,0,0
62500,53,17,46741,0,0,0,0,120,64,85.57797223,42.78898611,0,0,0,0,0,0,0,0
53956,53,17,173,0,0,0,0,64,64,11560.69364,11560.69364,0,0,0,0,0,0,0,0
49242,53,17,66411,0,0,0,0,104,80,60.23098583,60.23098583,0,0,0,0,0,0,0,0
50672,53,17,171,0,0,0,0,40,40,11695.90643,11695.90643,0,0,0,0,0,0,0,0
56442,53,17,224,0,0,0,0,40,40,8928.571429,8928.571429,0,0,0,0,0,0,0,0
52293,53,17,77270,0,0,0,0,80,64,51.76653294,25.88326647,0,0,0,0,0,0,0,0
60216,53,17,176,0,0,0,0,64,64,11363.63636,11363.63636,0,0,0,0,0,0,0,0
64018,53,17,180,0,0,0,0,64,64,11111.11111,11111.11111,0,0,0,0,0,0,0,0
62720,53,17,225951,0,0,0,0,104,40,17.7029533,8.851476648,0,0,0,0,0,0,0,0
53477,53,17,72357,0,0,0,0,80,64,55.28145169,27.64072585,0,0,0,0,0,0,0,0
61777,53,17,199,0,0,0,0,40,40,10050.25126,10050.25126,0,0,0,0,0,0,0,0
54235,53,17,82814,0,0,0,0,128,64,48.30101191,24.15050595,0,0,0,0,0,0,0,0
52241,53,17,78141,0,0,0,0,80,64,51.18951639,25.59475819,0,0,0,0,0,0,0,0
49634,53,17,204,0,0,0,0,40,40,9803.921569,9803.921569,0,0,0,0,0,0,0,0
56565,53,17,173,0,0,0,0,64,64,11560.69364,11560.69364,0,0,0,0,0,0,0,0
58527,53,17,173,0,0,0,0,40,40,11560.69364,11560.69364,0,0,0,0,0,0,0,0
58224,53,17,60451,0,0,0,0,80,64,66.16929414,33.08464707,0,0,0,0,0,0,0,0
52852,53,17,24304,0,0,0,0,104,128,164.5819618,164.5819618,0,0,0,0,0,0,0,0
53882,53,17,55936,0,0,0,0,104,104,71.51029748,71.51029748,0,0,0,0,0,0,0,0
64415,53,17,23839,0,0,0,0,64,40,83.89613658,83.89613658,0,0,0,0,0,0,0,0
54810,53,17,249,0,0,0,0,40,40,8032.128514,8032.128514,0,0,0,0,0,0,0,0
54964,53,17,49135,0,0,0,0,64,40,40.70418235,40.70418235,0,0,0,0,0,0,0,0
61189,53,17,212,0,0,0,0,40,40,9433.962264,9433.962264,0,0,0,0,0,0,0,0
63193,53,17,824,0,0,0,0,64,64,2427.184466,2427.184466,0,0,0,0,0,0,0,0
56938,53,17,23380,0,0,0,0,64,64,85.54319932,85.54319932,0,0,0,0,0,0,0,0
62442,53,17,23530,0,0,0,0,64,64,84.99787505,84.99787505,0,0,0,0,0,0,0,0
52826,53,17,48452,0,0,0,0,64,40,41.27796582,41.27796582,0,0,0,0,0,0,0,0
49321,53,17,137005,0,0,0,0,80,64,29.19601474,14.59800737,0,0,0,0,0,0,0,0
64500,53,17,63472,0,0,0,0,128,64,63.01991429,31.50995715,0,0,0,0,0,0,0,0
61151,53,17,204,0,0,0,0,40,40,9803.921569,9803.921569,0,0,0,0,0,0,0,0
53673,53,17,315,0,0,0,0,64,64,6349.206349,6349.206349,0,0,0,0,0,0,0,0
61154,53,17,321,0,0,0,0,40,40,6230.529595,6230.529595,0,0,0,0,0,0,0,0
59270,53,17,172,0,0,0,0,40,40,11627.90698,11627.90698,0,0,0,0,0,0,0,0
51738,53,17,158,0,0,0,0,64,64,12658.22785,12658.22785,0,0,0,0,0,0,0,0
63836,53,17,170,0,0,0,0,64,64,11764.70588,11764.70588,0,0,0,0,0,0,0,0
55806,53,17,154,0,0,0,0,64,64,12987.01299,12987.01299,0,0,0,0,0,0,0,0
57691,53,17,157,0,0,0,0,64,64,12738.8535,12738.8535,0,0,0,0,0,0,0,0
57327,53,17,83892,0,0,0,0,80,40,47.68035093,23.84017546,0,0,0,0,0,0,0,0
63945,53,17,159,0,0,0,0,80,80,12578.61635,12578.61635,0,0,0,0,0,0,0,0
64687,53,17,71918,0,0,0,0,128,40,55.6188993,27.80944965,0,0,0,0,0,0,0,0
53058,53,17,242,0,0,0,0,64,64,8264.46281,8264.46281,0,0,0,0,0,0,0,0
64070,53,17,157,0,0,0,0,40,40,12738.8535,12738.8535,0,0,0,0,0,0,0,0
56933,53,17,49834,0,0,0,0,40,64,40.13324236,40.13324236,0,0,0,0,0,0,0,0
56170,53,17,61843,0,0,0,0,104,104,64.67991527,64.67991527,0,0,0,0,0,0,0,0
53189,53,17,114237,0,0,0,0,104,40,35.01492511,17.50746256,0,0,0,0,0,0,0,0
62555,53,17,23930,0,0,0,0,64,64,83.57709987,83.57709987,0,0,0,0,0,0,0,0
50738,53,17,124128,0,0,0,0,128,64,32.22480021,16.1124001,0,0,0,0,0,0,0,0
51597,53,17,122752,0,0,0,0,128,40,32.58602711,16.29301356,0,0,0,0,0,0,0,0
50264,53,17,176,0,0,0,0,40,40,11363.63636,11363.63636,0,0,0,0,0,0,0,0
55542,53,17,50255,0,0,0,0,40,64,39.79703512,39.79703512,0,0,0,0,0,0,0,0
51450,53,17,163,0,0,0,0,64,64,12269.93865,12269.93865,0,0,0,0,0,0,0,0
57666,53,17,173,0,0,0,0,64,64,11560.69364,11560.69364,0,0,0,0,0,0,0,0
62781,53,17,214,0,0,0,0,40,40,9345.794393,9345.794393,0,0,0,0,0,0,0,0
62967,53,17,60555,0,0,0,0,104,80,66.05565189,66.05565189,0,0,0,0,0,0,0,0
58159,53,17,166,0,0,0,0,64,64,12048.19277,12048.19277,0,0,0,0,0,0,0,0
49912,53,17,236,0,0,0,0,64,64,8474.576271,8474.576271,0,0,0,0,0,0,0,0
57537,53,17,155,0,0,0,0,64,64,12903.22581,12903.22581,0,0,0,0,0,0,0,0
65319,53,17,111152,0,0,0,0,128,40,35.98675687,17.99337844,0,0,0,0,0,0,0,0
63217,53,17,151,0,0,0,0,40,40,13245.03311,13245.03311,0,0,0,0,0,0,0,0
58374,53,17,24671,0,0,0,0,128,128,162.1336792,162.1336792,0,0,0,0,0,0,0,0
64230,53,17,48737,0,0,0,0,64,40,41.03658411,41.03658411,0,0,0,0,0,0,0,0
61780,53,17,181,0,0,0,0,40,40,11049.72376,11049.72376,0,0,0,0,0,0,0,0
60017,53,17,189,0,0,0,0,40,40,10582.01058,10582.01058,0,0,0,0,0,0,0,0
59584,53,17,164,0,0,0,0,40,40,12195.12195,12195.12195,0,0,0,0,0,0,0,0
51587,53,17,217,0,0,0,0,40,40,9216.589862,9216.589862,0,0,0,0,0,0,0,0
49271,53,17,216,0,0,0,0,64,64,9259.259259,9259.259259,0,0,0,0,0,0,0,0
52341,53,17,23768,0,0,0,0,40,40,84.14675194,84.14675194,0,0,0,0,0,0,0,0
56314,53,17,96309,0,0,0,0,104,80,41.53298238,41.53298238,0,0,0,0,0,0,0,0
60979,53,17,148,0,0,0,0,64,40,13513.51351,13513.51351,0,0,0,0,0,0,0,0
52643,53,17,23833,0,0,0,0,40,40,83.91725758,83.91725758,0,0,0,0,0,0,0,0
53976,53,17,199,0,0,0,0,40,40,10050.25126,10050.25126,0,0,0,0,0,0,0,0
55955,53,17,53723,0,0,0,0,80,64,74.45600581,37.2280029,0,0,0,0,0,0,0,0
51681,53,17,46794,0,0,0,0,80,40,85.48104458,42.74052229,0,0,0,0,0,0,0,0
58372,53,17,231,0,0,0,0,40,40,8658.008658,8658.008658,0,0,0,0,0,0,0,0
62367,53,17,24564,0,0,0,0,40,40,81.41996418,81.41996418,0,0,0,0,0,0,0,0
54874,53,17,24080,0,0,0,0,40,40,83.05647841,83.05647841,0,0,0,0,0,0,0,0
60821,53,17,48336,0,0,0,0,40,40,41.37702747,41.37702747,0,0,0,0,0,0,0,0
49629,53,17,227,0,0,0,0,40,40,8810.572687,8810.572687,0,0,0,0,0,0,0,0
61732,53,17,160,0,0,0,0,40,40,12500.0,12500.0,0,0,0,0,0,0,0,0
51277,53,17,24832,0,0,0,0,80,80,161.0824742,161.0824742,0,0,0,0,0,0,0,0
62934,53,17,95623,0,0,0,0,80,40,41.83094025,20.91547013,0,0,0,0,0,0,0,0
55523,53,17,140392,0,0,0,0,80,40,28.49165195,14.24582597,0,0,0,0,0,0,0,0
64321,53,17,23910,0,0,0,0,40,40,83.64700962,83.64700962,0,0,0,0,0,0,0,0
51382,53,17,95912,0,0,0,0,80,40,41.70489615,20.85244808,0,0,0,0,0,0,0,0
58416,53,17,198,0,0,0,0,40,40,10101.0101,10101.0101,0,0,0,0,0,0,0,0
60233,53,17,206,0,0,0,0,40,40,9708.737864,9708.737864,0,0,0,0,0,0,0,0
56540,53,17,92919,0,0,0,0,104,40,43.04824632,21.52412316,0,0,0,0,0,0,0,0
49858,53,17,245,0,0,0,0,40,40,8163.265306,8163.265306,0,0,0,0,0,0,0,0
51371,53,17,206,0,0,0,0,64,64,9708.737864,9708.737864,0,0,0,0,0,0,0,0
56544,53,17,158,0,0,0,0,64,64,12658.22785,12658.22785,0,0,0,0,0,0,0,0
61960,53,17,23752,0,0,0,0,40,40,84.2034355,84.2034355,0,0,0,0,0,0,0,0
57311,53,17,61423,0,0,0,0,80,40,65.1221855,32.56109275,0,0,0,0,0,0,0,0
65529,53,17,189,0,0,0,0,40,40,10582.01058,10582.01058,0,0,0,0,0,0,0,0
62045,53,17,278,0,0,0,0,64,64,7194.244604,7194.244604,0,0,0,0,0,0,0,0
57271,53,17,67118,0,0,0,0,80,40,59.59653148,29.79826574,0,0,0,0,0,0,0,0
54605,53,17,48242,0,0,0,0,80,80,82.91530202,82.91530202,0,0,0,0,0,0,0,0
62506,53,17,24204,0,0,0,0,40,64,82.63097009,82.63097009,0,0,0,0,0,0,0,0
64038,53,17,224,0,0,0,0,40,40,8928.571429,8928.571429,0,0,0,0,0,0,0,0
61305,53,17,31470,0,0,0,0,80,40,127.1051795,63.55258977,0,0,0,0,0,0,0,0
54856,53,17,23832,0,0,0,0,40,40,83.92077878,83.92077878,0,0,0,0,0,0,0,0
56242,53,17,76685,0,0,0,0,80,40,52.16143966,26.08071983,0,0,0,0,0,0,0,0
60226,53,17,46475,0,0,0,0,80,80,86.06777838,86.06777838,0,0,0,0,0,0,0,0
53828,53,17,70478,0,0,0,0,80,64,56.75529953,28.37764976,0,0,0,0,0,0,0,0
56401,53,17,23830,0,0,0,0,40,40,83.92782207,83.92782207,0,0,0,0,0,0,0,0
52324,53,17,343,0,0,0,0,40,40,5830.90379,5830.90379,0,0,0,0,0,0,0,0
63102,53,17,96724,0,0,0,0,104,80,41.35478268,41.35478268,0,0,0,0,0,0,0,0
49729,53,17,23791,0,0,0,0,40,64,84.06540288,84.06540288,0,0,0,0,0,0,0,0
62167,53,17,181,0,0,0,0,40,40,11049.72376,11049.72376,0,0,0,0,0,0,0,0
58633,53,17,185,0,0,0,0,40,40,10810.81081,10810.81081,0,0,0,0,0,0,0,0
54083,53,17,298,0,0,0,0,64,64,6711.409396,6711.409396,0,0,0,0,0,0,0,0
64963,53,17,61497,0,0,0,0,80,40,65.04382328,32.52191164,0,0,0,0,0,0,0,0
63223,53,17,60797,0,0,0,0,104,40,65.79272004,32.89636002,0,0,0,0,0,0,0,0
58924,53,17,198,0,0,0,0,64,64,10101.0101,10101.0101,0,0,0,0,0,0,0,0
59257,53,17,24352,0,0,0,0,40,40,82.12877792,82.12877792,0,0,0,0,0,0,0,0
56352,53,17,180,0,0,0,0,40,40,11111.11111,11111.11111,0,0,0,0,0,0,0,0
64662,53,17,25076,0,0,0,0,128,128,159.5150742,159.5150742,0,0,0,0,0,0,0,0
50758,53,17,155,0,0,0,0,64,64,12903.22581,12903.22581,0,0,0,0,0,0,0,0
64964,53,17,44984,0,0,0,0,80,80,88.92050507,88.92050507,0,0,0,0,0,0,0,0
54416,53,17,50736,0,0,0,0,64,40,39.41974141,39.41974141,0,0,0,0,0,0,0,0
54969,53,17,23585,0,0,0,0,40,40,84.7996608,84.7996608,0,0,0,0,0,0,0,0
54100,53,17,175,0,0,0,0,40,40,11428.57143,11428.57143,0,0,0,0,0,0,0,0
58508,53,17,210,0,0,0,0,40,40,9523.809524,9523.809524,0,0,0,0,0,0,0,0
50602,53,17,23880,0,0,0,0,40,40,83.7520938,83.7520938,0,0,0,0,0,0,0,0
55302,53,17,49490,0,0,0,0,104,64,80.82440897,40.41220449,0,0,0,0,0,0,0,0
64811,53,17,25200,0,0,0,0,80,80,158.7301587,158.7301587,0,0,0,0,0,0,0,0
63625,53,17,178,0,0,0,0,40,40,11235.95506,11235.95506,0,0,0,0,0,0,0,0
58026,53,17,282,0,0,0,0,40,40,7092.198582,7092.198582,0,0,0,0,0,0,0,0
55962,53,17,26301,0,0,0,0,40,64,76.04273602,76.04273602,0,0,0,0,0,0,0,0
57799,53,17,71279,0,0,0,0,80,64,56.11751007,28.05875503,0,0,0,0,0,0,0,0
52719,53,17,23794,0,0,0,0,40,64,84.05480373,84.05480373,0,0,0,0,0,0,0,0
59779,53,17,23729,0,0,0,0,40,40,84.28505205,84.28505205,0,0,0,0,0,0,0,0
64077,53,17,24057,0,0,0,0,40,40,83.13588561,83.13588561,0,0,0,0,0,0,0,0
52401,53,17,23939,0,0,0,0,40,40,83.5456786,83.5456786,0,0,0,0,0,0,0,0
53326,53,17,23899,0,0,0,0,40,40,83.68550985,83.68550985,0,0,0,0,0,0,0,0
52664,53,17,199,0,0,0,0,64,64,10050.25126,10050.25126,0,0,0,0,0,0,0,0
54920,53,17,60609,0,0,0,0,80,40,65.99679916,32.99839958,0,0,0,0,0,0,0,0
51058,53,17,48421,0,0,0,0,64,40,41.30439272,41.30439272,0,0,0,0,0,0,0,0
62257,53,17,204,0,0,0,0,40,40,9803.921569,9803.921569,0,0,0,0,0,0,0,0
63154,53,17,7143447,0,0,0,0,144,104,0.839930639,0.559953759,0,0,0,0,0,0,0,0
56468,53,17,23945,0,0,0,0,40,64,83.52474421,83.52474421,0,0,0,0,0,0,0,0
61533,53,17,196,0,0,0,0,40,40,10204.08163,10204.08163,0,0,0,0,0,0,0,0
53040,53,17,64780,0,0,0,0,120,40,61.74745292,30.87372646,0,0,0,0,0,0,0,0
60157,53,17,165,0,0,0,0,40,40,12121.21212,12121.21212,0,0,0,0,0,0,0,0
54381,53,17,25271,0,0,0,0,80,80,158.2841993,158.2841993,0,0,0,0,0,0,0,0
56169,53,17,233,0,0,0,0,40,40,8583.690987,8583.690987,0,0,0,0,0,0,0,0
51140,53,17,169,0,0,0,0,40,40,11834.31953,11834.31953,0,0,0,0,0,0,0,0
58701,53,17,197,0,0,0,0,40,40,10152.28426,10152.28426,0,0,0,0,0,0,0,0
61025,53,17,166,0,0,0,0,40,40,12048.19277,12048.19277,0,0,0,0,0,0,0,0
54455,53,17,24054,0,0,0,0,40,40,83.14625426,83.14625426,0,0,0,0,0,0,0,0
59272,53,17,169336,0,0,0,0,80,64,23.62167525,11.81083762,0,0,0,0,0,0,0,0
50707,53,17,24651,0,0,0,0,80,80,162.2652225,162.2652225,0,0,0,0,0,0,0,0
64046,53,17,25274,0,0,0,0,80,80,158.2654111,158.2654111,0,0,0,0,0,0,0,0
50641,53,17,48208,0,0,0,0,40,40,41.48689014,41.48689014,0,0,0,0,0,0,0,0
54142,53,17,68397,0,0,0,0,104,80,58.48209717,58.48209717,0,0,0,0,0,0,0,0
54394,53,17,170,0,0,0,0,64,52,11764.70588,11764.70588,0,0,0,0,0,0,0,0
64999,53,17,178,0,0,0,0,64,64,11235.95506,11235.95506,0,0,0,0,0,0,0,0
58499,53,17,24027,0,0,0,0,40,40,83.23968868,83.23968868,0,0,0,0,0,0,0,0
55897,53,17,24233,0,0,0,0,40,40,82.53208435,82.53208435,0,0,0,0,0,0,0,0
50592,53,17,47947,0,0,0,0,80,40,83.42544893,41.71272447,0,0,0,0,0,0,0,0
52336,53,17,129508,0,0,0,0,104,40,30.88612286,15.44306143,0,0,0,0,0,0,0,0
