Source Port,Destination Port,Protocol,Flow Duration,Active Mean,Active Std,Active Max,Active Min,Idle Mean,Idle Std,Idle Max,Idle Min,Init_Win_bytes_forward,Init_Win_bytes_backward,act_data_pkt_fwd,min_seg_size_forward
443,54865,6,3,0.0,0.0,0.0,0.0,0.0,0.0,0.0,0.0,33,-1,1,20
80,55054,6,109,0.0,0.0,0.0,0.0,0.0,0.0,0.0,0.0,29,256,0,20
80,55055,6,52,0.0,0.0,0.0,0.0,0.0,0.0,0.0,0.0,29,256,0,20
443,46236,6,34,0.0,0.0,0.0,0.0,0.0,0.0,0.0,0.0,31,329,0,20
443,54863,6,3,0.0,0.0,0.0,0.0,0.0,0.0,0.0,0.0,32,-1,1,20
443,54871,6,1022,0.0,0.0,0.0,0.0,0.0,0.0,0.0,0.0,32,-1,1,20
443,54925,6,4,0.0,0.0,0.0,0.0,0.0,0.0,0.0,0.0,32,-1,1,20
443,54925,6,42,0.0,0.0,0.0,0.0,0.0,0.0,0.0,0.0,32,256,0,20
443,9282,6,4,0.0,0.0,0.0,0.0,0.0,0.0,0.0,0.0,32,-1,1,20
443,55153,6,4,0.0,0.0,0.0,0.0,0.0,0.0,0.0,0.0,946,-1,1,20
443,55143,6,3,0.0,0.0,0.0,0.0,0.0,0.0,0.0,0.0,980,-1,1,20
443,55144,6,1,0.0,0.0,0.0,0.0,0.0,0.0,0.0,0.0,980,-1,1,20
443,55145,6,4,0.0,0.0,0.0,0.0,0.0,0.0,0.0,0.0,980,-1,1,20
443,55254,6,3,0.0,0.0,0.0,0.0,0.0,0.0,0.0,0.0,946,-1,2,20
80,36206,6,54,0.0,0.0,0.0,0.0,0.0,0.0,0.0,0.0,939,1269,0,32
443,53524,6,1,0.0,0.0,0.0,0.0,0.0,0.0,0.0,0.0,130,-1,0,32
443,53524,6,154,0.0,0.0,0.0,0.0,0.0,0.0,0.0,0.0,130,65535,0,32
443,53526,6,1,0.0,0.0,0.0,0.0,0.0,0.0,0.0,0.0,130,-1,0,32
443,53526,6,118,0.0,0.0,0.0,0.0,0.0,0.0,0.0,0.0,130,65535,0,32
443,53527,6,239,0.0,0.0,0.0,0.0,0.0,0.0,0.0,0.0,130,65535,0,32
443,53528,6,1,0.0,0.0,0.0,0.0,0.0,0.0,0.0,0.0,130,-1,0,32
443,53527,6,1,0.0,0.0,0.0,0.0,0.0,0.0,0.0,0.0,130,-1,0,32
443,55035,6,4,0.0,0.0,0.0,0.0,0.0,0.0,0.0,0.0,237,-1,1,20
443,55275,6,5,0.0,0.0,0.0,0.0,0.0,0.0,0.0,0.0,123,-1,2,20
443,55277,6,4,0.0,0.0,0.0,0.0,0.0,0.0,0.0,0.0,35095,-1,1,20
443,8850,6,4,0.0,0.0,0.0,0.0,0.0,0.0,0.0,0.0,65,-1,2,20
80,43248,6,54,0.0,0.0,0.0,0.0,0.0,0.0,0.0,0.0,59,439,0,32
443,8678,6,42,0.0,0.0,0.0,0.0,0.0,0.0,0.0,0.0,64,-1,2,20
443,55063,6,4,0.0,0.0,0.0,0.0,0.0,0.0,0.0,0.0,60,-1,1,20
443,55203,6,3,0.0,0.0,0.0,0.0,0.0,0.0,0.0,0.0,60,-1,1,20
443,55140,6,3,0.0,0.0,0.0,0.0,0.0,0.0,0.0,0.0,62,-1,1,20
443,55180,6,737,0.0,0.0,0.0,0.0,0.0,0.0,0.0,0.0,62,0,1,20
443,55156,6,3,0.0,0.0,0.0,0.0,0.0,0.0,0.0,0.0,62,-1,1,20
443,55096,6,3,0.0,0.0,0.0,0.0,0.0,0.0,0.0,0.0,60,-1,1,20
443,55085,6,3,0.0,0.0,0.0,0.0,0.0,0.0,0.0,0.0,62,-1,1,20
443,8689,6,276,0.0,0.0,0.0,0.0,0.0,0.0,0.0,0.0,62,-1,2,20
443,8817,6,3,0.0,0.0,0.0,0.0,0.0,0.0,0.0,0.0,40905,-1,1,20
443,8816,6,3,0.0,0.0,0.0,0.0,0.0,0.0,0.0,0.0,40905,-1,1,20
443,8886,6,1,0.0,0.0,0.0,0.0,0.0,0.0,0.0,0.0,5114,-1,1,20
80,60350,6,105,0.0,0.0,0.0,0.0,0.0,0.0,0.0,0.0,1024,274,0,20
80,60346,6,66,0.0,0.0,0.0,0.0,0.0,0.0,0.0,0.0,1024,274,0,20
80,60352,6,68,0.0,0.0,0.0,0.0,0.0,0.0,0.0,0.0,1024,320,0,20
443,8833,6,48,0.0,0.0,0.0,0.0,0.0,0.0,0.0,0.0,23,-1,1,20
443,9331,6,3,0.0,0.0,0.0,0.0,0.0,0.0,0.0,0.0,360,-1,1,20
443,9175,6,3,0.0,0.0,0.0,0.0,0.0,0.0,0.0,0.0,385,-1,1,20
80,8693,6,16,0.0,0.0,0.0,0.0,0.0,0.0,0.0,0.0,351,258,0,20
80,8695,6,63,0.0,0.0,0.0,0.0,0.0,0.0,0.0,0.0,360,255,0,20
80,8690,6,17,0.0,0.0,0.0,0.0,0.0,0.0,0.0,0.0,360,255,0,20
80,8694,6,123,0.0,0.0,0.0,0.0,0.0,0.0,0.0,0.0,360,255,0,20
443,57683,6,4,0.0,0.0,0.0,0.0,0.0,0.0,0.0,0.0,360,-1,1,20
443,57662,6,4,0.0,0.0,0.0,0.0,0.0,0.0,0.0,0.0,360,-1,1,20
443,54864,6,49,0.0,0.0,0.0,0.0,0.0,0.0,0.0,0.0,351,-1,1,20
443,57680,6,3,0.0,0.0,0.0,0.0,0.0,0.0,0.0,0.0,377,-1,1,20
80,60954,6,46,0.0,0.0,0.0,0.0,0.0,0.0,0.0,0.0,340,229,0,32
443,57681,6,3,0.0,0.0,0.0,0.0,0.0,0.0,0.0,0.0,424,-1,1,20
443,55270,6,3,0.0,0.0,0.0,0.0,0.0,0.0,0.0,0.0,360,-1,1,20
443,55271,6,251170,0.0,0.0,0.0,0.0,0.0,0.0,0.0,0.0,351,-1,2,20
443,57674,6,49,0.0,0.0,0.0,0.0,0.0,0.0,0.0,0.0,360,-1,1,20
443,50485,6,62,0.0,0.0,0.0,0.0,0.0,0.0,0.0,0.0,378,558,0,32
443,57686,6,175,0.0,0.0,0.0,0.0,0.0,0.0,0.0,0.0,360,255,1,20
80,33666,6,37,0.0,0.0,0.0,0.0,0.0,0.0,0.0,0.0,340,586,0,32
443,8883,6,3,0.0,0.0,0.0,0.0,0.0,0.0,0.0,0.0,40929,-1,1,20
443,8884,6,3,0.0,0.0,0.0,0.0,0.0,0.0,0.0,0.0,40929,-1,1,20
443,55245,6,96,0.0,0.0,0.0,0.0,0.0,0.0,0.0,0.0,16384,256,0,20
443,55150,6,1,0.0,0.0,0.0,0.0,0.0,0.0,0.0,0.0,5574,-1,1,20
443,55043,6,0,0.0,0.0,0.0,0.0,0.0,0.0,0.0,0.0,4737,-1,1,20
443,55040,6,48,0.0,0.0,0.0,0.0,0.0,0.0,0.0,0.0,4737,-1,1,20
443,55039,6,1,0.0,0.0,0.0,0.0,0.0,0.0,0.0,0.0,4737,-1,1,20
443,55043,6,999588,0.0,0.0,0.0,0.0,0.0,0.0,0.0,0.0,4737,-1,1,20
443,55039,6,75,0.0,0.0,0.0,0.0,0.0,0.0,0.0,0.0,4737,63668,0,20
443,55040,6,32,0.0,0.0,0.0,0.0,0.0,0.0,0.0,0.0,4737,64189,0,20
27328,53,17,71693,0.0,0.0,0.0,0.0,0.0,0.0,0.0,0.0,-1,-1,1,20
56447,53,17,60738,0.0,0.0,0.0,0.0,0.0,0.0,0.0,0.0,-1,-1,1,20
50038,21,6,126188,0.0,0.0,0.0,0.0,0.0,0.0,0.0,0.0,29200,227,12,32
38044,34805,6,8003,0.0,0.0,0.0,0.0,0.0,0.0,0.0,0.0,29200,362,10,32
38044,34805,6,1,0.0,0.0,0.0,0.0,0.0,0.0,0.0,0.0,229,-1,0,32
50038,21,6,50,0.0,0.0,0.0,0.0,0.0,0.0,0.0,0.0,229,227,0,32
39524,139,6,75,0.0,0.0,0.0,0.0,0.0,0.0,0.0,0.0,302,302,0,32
54990,443,6,208,0.0,0.0,0.0,0.0,0.0,0.0,0.0,0.0,306,-1,1,32
40124,443,6,514004,0.0,0.0,0.0,0.0,0.0,0.0,0.0,0.0,1444,0,0,32
57700,80,6,60130920,0.0,0.0,0.0,0.0,0.0,0.0,0.0,0.0,8192,946,4,20
57701,80,6,60130912,0.0,0.0,0.0,0.0,0.0,0.0,0.0,0.0,8192,946,4,20
57683,443,6,3895966,0.0,0.0,0.0,0.0,0.0,0.0,0.0,0.0,258,360,4,20
57662,443,6,3895242,0.0,0.0,0.0,0.0,0.0,0.0,0.0,0.0,258,360,4,20
57681,443,6,3896308,0.0,0.0,0.0,0.0,0.0,0.0,0.0,0.0,257,424,4,20
57674,443,6,3895052,0.0,0.0,0.0,0.0,0.0,0.0,0.0,0.0,255,360,4,20
57686,443,6,3896461,0.0,0.0,0.0,0.0,0.0,0.0,0.0,0.0,255,360,4,20
62449,53,17,31020664,46735.0,0.0,46735.0,46735.0,30900000.0,0.0,30900000.0,30900000.0,-1,-1,7,20
53279,53,17,83718,0.0,0.0,0.0,0.0,0.0,0.0,0.0,0.0,-1,-1,3,20
57702,445,6,10706606,3591908.0,0.0,3591908.0,3591908.0,7114425.0,0.0,7114425.0,7114425.0,8192,2050,27,20
57699,80,6,60166984,0.0,0.0,0.0,0.0,0.0,0.0,0.0,0.0,8192,946,5,20
51561,53,17,24027,0.0,0.0,0.0,0.0,0.0,0.0,0.0,0.0,-1,-1,1,32
58019,8080,6,1029807,0.0,0.0,0.0,0.0,0.0,0.0,0.0,0.0,8192,0,0,28
34314,80,6,2979847,0.0,0.0,0.0,0.0,0.0,0.0,0.0,0.0,437,63,0,32
60344,80,6,28315,0.0,0.0,0.0,0.0,0.0,0.0,0.0,0.0,274,1024,0,20
60354,80,6,28466,0.0,0.0,0.0,0.0,0.0,0.0,0.0,0.0,274,1024,0,20
50350,443,6,101027175,1048172.0,1296391.188,1964859.0,131485.0,49400000.0,12900000.0,58500000.0,40300000.0,428,407,5,32
46939,53,17,330,0.0,0.0,0.0,0.0,0.0,0.0,0.0,0.0,-1,-1,1,20
65191,53,17,221,0.0,0.0,0.0,0.0,0.0,0.0,0.0,0.0,-1,-1,1,20
26091,53,17,302,0.0,0.0,0.0,0.0,0.0,0.0,0.0,0.0,-1,-1,1,32
9278,53,17,283,0.0,0.0,0.0,0.0,0.0,0.0,0.0,0.0,-1,-1,1,32
61116,53,17,166,0.0,0.0,0.0,0.0,0.0,0.0,0.0,0.0,-1,-1,1,32
49854,53,17,275,0.0,0.0,0.0,0.0,0.0,0.0,0.0,0.0,-1,-1,1,20
2022,53,17,266,0.0,0.0,0.0,0.0,0.0,0.0,0.0,0.0,-1,-1,1,20
54866,53,17,102033,0.0,0.0,0.0,0.0,0.0,0.0,0.0,0.0,-1,-1,1,20
50390,53,17,51453,0.0,0.0,0.0,0.0,0.0,0.0,0.0,0.0,-1,-1,1,20
37335,53,17,1140,0.0,0.0,0.0,0.0,0.0,0.0,0.0,0.0,-1,-1,1,32
57626,53,17,293,0.0,0.0,0.0,0.0,0.0,0.0,0.0,0.0,-1,-1,1,32
38354,22,6,1333970,0.0,0.0,0.0,0.0,0.0,0.0,0.0,0.0,29200,243,24,32
38354,22,6,187,0.0,0.0,0.0,0.0,0.0,0.0,0.0,0.0,290,243,0,32
38364,22,6,1335604,0.0,0.0,0.0,0.0,0.0,0.0,0.0,0.0,29200,243,24,32
38364,22,6,111,0.0,0.0,0.0,0.0,0.0,0.0,0.0,0.0,290,243,0,32
41936,443,6,143347,0.0,0.0,0.0,0.0,0.0,0.0,0.0,0.0,29200,61,30,20
41944,443,6,143899,0.0,0.0,0.0,0.0,0.0,0.0,0.0,0.0,29200,61,30,20
41942,443,6,142605,0.0,0.0,0.0,0.0,0.0,0.0,0.0,0.0,29200,61,30,20
41940,443,6,142499,0.0,0.0,0.0,0.0,0.0,0.0,0.0,0.0,29200,61,28,20
41938,443,6,23828,0.0,0.0,0.0,0.0,0.0,0.0,0.0,0.0,0,61,26,20
41946,443,6,119090,0.0,0.0,0.0,0.0,0.0,0.0,0.0,0.0,29200,61,4,32
41946,443,6,23841,0.0,0.0,0.0,0.0,0.0,0.0,0.0,0.0,0,61,25,20
41950,443,6,199037,0.0,0.0,0.0,0.0,0.0,0.0,0.0,0.0,29200,61,30,20
41948,443,6,142923,0.0,0.0,0.0,0.0,0.0,0.0,0.0,0.0,29200,61,27,20
41956,443,6,446800,0.0,0.0,0.0,0.0,0.0,0.0,0.0,0.0,29200,61,4,32
41954,443,6,141851,0.0,0.0,0.0,0.0,0.0,0.0,0.0,0.0,29200,61,30,20
41952,443,6,145376,0.0,0.0,0.0,0.0,0.0,0.0,0.0,0.0,29200,61,31,20
41958,443,6,142904,0.0,0.0,0.0,0.0,0.0,0.0,0.0,0.0,29200,61,28,20
41964,443,6,142508,0.0,0.0,0.0,0.0,0.0,0.0,0.0,0.0,29200,61,31,20
41962,443,6,142561,0.0,0.0,0.0,0.0,0.0,0.0,0.0,0.0,29200,61,29,20
41960,443,6,142389,0.0,0.0,0.0,0.0,0.0,0.0,0.0,0.0,29200,61,32,20
41970,443,6,142403,0.0,0.0,0.0,0.0,0.0,0.0,0.0,0.0,29200,61,29,20
41968,443,6,142089,0.0,0.0,0.0,0.0,0.0,0.0,0.0,0.0,29200,61,28,20
41966,443,6,142098,0.0,0.0,0.0,0.0,0.0,0.0,0.0,0.0,29200,61,30,20
41976,443,6,128912,0.0,0.0,0.0,0.0,0.0,0.0,0.0,0.0,29200,61,4,32
41974,443,6,143215,0.0,0.0,0.0,0.0,0.0,0.0,0.0,0.0,29200,61,32,20
41972,443,6,185921,0.0,0.0,0.0,0.0,0.0,0.0,0.0,0.0,29200,61,32,20
41978,443,6,131198,0.0,0.0,0.0,0.0,0.0,0.0,0.0,0.0,29200,61,4,32
41980,443,6,187746,0.0,0.0,0.0,0.0,0.0,0.0,0.0,0.0,29200,61,31,20
41984,443,6,188450,0.0,0.0,0.0,0.0,0.0,0.0,0.0,0.0,29200,61,30,20
41982,443,6,300724,0.0,0.0,0.0,0.0,0.0,0.0,0.0,0.0,29200,61,30,20
41990,443,6,195652,0.0,0.0,0.0,0.0,0.0,0.0,0.0,0.0,29200,61,33,20
41988,443,6,143173,0.0,0.0,0.0,0.0,0.0,0.0,0.0,0.0,29200,61,32,20
41986,443,6,142748,0.0,0.0,0.0,0.0,0.0,0.0,0.0,0.0,29200,61,30,20
41992,443,6,142235,0.0,0.0,0.0,0.0,0.0,0.0,0.0,0.0,29200,61,29,20
41998,443,6,152597,0.0,0.0,0.0,0.0,0.0,0.0,0.0,0.0,29200,61,23,20
41996,443,6,142263,0.0,0.0,0.0,0.0,0.0,0.0,0.0,0.0,29200,61,31,20
41994,443,6,142478,0.0,0.0,0.0,0.0,0.0,0.0,0.0,0.0,29200,61,30,20
42006,443,6,125417,0.0,0.0,0.0,0.0,0.0,0.0,0.0,0.0,29200,61,4,32
42004,443,6,188411,0.0,0.0,0.0,0.0,0.0,0.0,0.0,0.0,29200,61,28,20
42002,443,6,141785,0.0,0.0,0.0,0.0,0.0,0.0,0.0,0.0,29200,61,28,20
42000,443,6,155181,0.0,0.0,0.0,0.0,0.0,0.0,0.0,0.0,29200,61,52,20
42014,443,6,200946,0.0,0.0,0.0,0.0,0.0,0.0,0.0,0.0,29200,61,30,20
42012,443,6,142298,0.0,0.0,0.0,0.0,0.0,0.0,0.0,0.0,29200,61,26,20
42010,443,6,196861,0.0,0.0,0.0,0.0,0.0,0.0,0.0,0.0,29200,61,29,20
42008,443,6,197144,0.0,0.0,0.0,0.0,0.0,0.0,0.0,0.0,29200,61,28,20
42016,443,6,142230,0.0,0.0,0.0,0.0,0.0,0.0,0.0,0.0,29200,61,33,20
42020,443,6,143922,0.0,0.0,0.0,0.0,0.0,0.0,0.0,0.0,29200,61,28,20
42018,443,6,142755,0.0,0.0,0.0,0.0,0.0,0.0,0.0,0.0,29200,61,31,20
42026,443,6,124970,0.0,0.0,0.0,0.0,0.0,0.0,0.0,0.0,29200,61,4,32
42024,443,6,142117,0.0,0.0,0.0,0.0,0.0,0.0,0.0,0.0,29200,61,30,20
42022,443,6,142224,0.0,0.0,0.0,0.0,0.0,0.0,0.0,0.0,29200,61,27,20
42028,443,6,143176,0.0,0.0,0.0,0.0,0.0,0.0,0.0,0.0,29200,61,29,20
42036,443,6,142472,0.0,0.0,0.0,0.0,0.0,0.0,0.0,0.0,29200,61,29,20
42034,443,6,185687,0.0,0.0,0.0,0.0,0.0,0.0,0.0,0.0,29200,61,30,20
42032,443,6,142746,0.0,0.0,0.0,0.0,0.0,0.0,0.0,0.0,29200,61,29,20
42030,443,6,185922,0.0,0.0,0.0,0.0,0.0,0.0,0.0,0.0,29200,61,29,20
42042,443,6,143435,0.0,0.0,0.0,0.0,0.0,0.0,0.0,0.0,29200,61,30,20
42038,443,6,186578,0.0,0.0,0.0,0.0,0.0,0.0,0.0,0.0,29200,61,31,20
42040,443,6,190175,0.0,0.0,0.0,0.0,0.0,0.0,0.0,0.0,29200,61,32,20
42048,443,6,142210,0.0,0.0,0.0,0.0,0.0,0.0,0.0,0.0,29200,61,28,20
42046,443,6,142963,0.0,0.0,0.0,0.0,0.0,0.0,0.0,0.0,29200,61,32,20
42044,443,6,142878,0.0,0.0,0.0,0.0,0.0,0.0,0.0,0.0,29200,61,31,20
42052,443,6,190109,0.0,0.0,0.0,0.0,0.0,0.0,0.0,0.0,29200,61,31,20
42050,443,6,143397,0.0,0.0,0.0,0.0,0.0,0.0,0.0,0.0,29200,61,29,20
42056,443,6,250001,0.0,0.0,0.0,0.0,0.0,0.0,0.0,0.0,29200,61,4,32
42060,443,6,188539,0.0,0.0,0.0,0.0,0.0,0.0,0.0,0.0,29200,61,29,20
42058,443,6,142469,0.0,0.0,0.0,0.0,0.0,0.0,0.0,0.0,29200,61,30,20
42056,443,6,23598,0.0,0.0,0.0,0.0,0.0,0.0,0.0,0.0,0,61,25,20
42054,443,6,142921,0.0,0.0,0.0,0.0,0.0,0.0,0.0,0.0,29200,61,30,20
42062,443,6,142553,0.0,0.0,0.0,0.0,0.0,0.0,0.0,0.0,29200,61,29,20
42070,443,6,142823,0.0,0.0,0.0,0.0,0.0,0.0,0.0,0.0,29200,61,29,20
42068,443,6,143432,0.0,0.0,0.0,0.0,0.0,0.0,0.0,0.0,29200,61,31,20
42064,443,6,153205,0.0,0.0,0.0,0.0,0.0,0.0,0.0,0.0,29200,61,45,20
42078,443,6,118987,0.0,0.0,0.0,0.0,0.0,0.0,0.0,0.0,29200,61,4,32
42080,443,6,143445,0.0,0.0,0.0,0.0,0.0,0.0,0.0,0.0,29200,61,31,20
42078,443,6,24781,0.0,0.0,0.0,0.0,0.0,0.0,0.0,0.0,0,61,24,20
42074,443,6,142625,0.0,0.0,0.0,0.0,0.0,0.0,0.0,0.0,29200,61,29,20
42072,443,6,144147,0.0,0.0,0.0,0.0,0.0,0.0,0.0,0.0,29200,61,28,20
42092,443,6,312417,0.0,0.0,0.0,0.0,0.0,0.0,0.0,0.0,29200,61,4,32
42088,443,6,197560,0.0,0.0,0.0,0.0,0.0,0.0,0.0,0.0,29200,61,28,20
42090,443,6,207397,0.0,0.0,0.0,0.0,0.0,0.0,0.0,0.0,29200,61,32,20
42086,443,6,144045,0.0,0.0,0.0,0.0,0.0,0.0,0.0,0.0,29200,61,30,20
42084,443,6,201971,0.0,0.0,0.0,0.0,0.0,0.0,0.0,0.0,29200,61,30,20
42082,443,6,188080,0.0,0.0,0.0,0.0,0.0,0.0,0.0,0.0,29200,61,28,20
42098,443,6,142377,0.0,0.0,0.0,0.0,0.0,0.0,0.0,0.0,29200,61,30,20
42096,443,6,196656,0.0,0.0,0.0,0.0,0.0,0.0,0.0,0.0,29200,61,28,20
42100,443,6,141942,0.0,0.0,0.0,0.0,0.0,0.0,0.0,0.0,29200,61,29,20
42094,443,6,142878,0.0,0.0,0.0,0.0,0.0,0.0,0.0,0.0,29200,61,31,20
42106,443,6,125846,0.0,0.0,0.0,0.0,0.0,0.0,0.0,0.0,29200,61,4,32
42104,443,6,119881,0.0,0.0,0.0,0.0,0.0,0.0,0.0,0.0,29200,61,4,32
42104,443,6,23547,0.0,0.0,0.0,0.0,0.0,0.0,0.0,0.0,0,61,24,20
42102,443,6,142554,0.0,0.0,0.0,0.0,0.0,0.0,0.0,0.0,29200,61,28,20
42108,443,6,142702,0.0,0.0,0.0,0.0,0.0,0.0,0.0,0.0,29200,61,27,20
42118,443,6,142790,0.0,0.0,0.0,0.0,0.0,0.0,0.0,0.0,29200,61,30,20
42116,443,6,142342,0.0,0.0,0.0,0.0,0.0,0.0,0.0,0.0,29200,61,26,20
42114,443,6,142780,0.0,0.0,0.0,0.0,0.0,0.0,0.0,0.0,29200,61,29,20
42112,443,6,142852,0.0,0.0,0.0,0.0,0.0,0.0,0.0,0.0,29200,61,30,20
42110,443,6,142799,0.0,0.0,0.0,0.0,0.0,0.0,0.0,0.0,29200,61,31,20
42120,443,6,142500,0.0,0.0,0.0,0.0,0.0,0.0,0.0,0.0,29200,61,30,20
42126,443,6,459291,0.0,0.0,0.0,0.0,0.0,0.0,0.0,0.0,29200,61,29,20
42124,443,6,196158,0.0,0.0,0.0,0.0,0.0,0.0,0.0,0.0,29200,61,29,20
42122,443,6,143476,0.0,0.0,0.0,0.0,0.0,0.0,0.0,0.0,29200,61,31,20
42130,443,6,118873,0.0,0.0,0.0,0.0,0.0,0.0,0.0,0.0,29200,61,4,32
42130,443,6,23773,0.0,0.0,0.0,0.0,0.0,0.0,0.0,0.0,0,61,25,20
42128,443,6,142438,0.0,0.0,0.0,0.0,0.0,0.0,0.0,0.0,29200,61,30,20
42134,443,6,152273,0.0,0.0,0.0,0.0,0.0,0.0,0.0,0.0,29200,61,47,20
42132,443,6,142918,0.0,0.0,0.0,0.0,0.0,0.0,0.0,0.0,29200,61,28,20
42140,443,6,142342,0.0,0.0,0.0,0.0,0.0,0.0,0.0,0.0,29200,61,31,20
42138,443,6,196159,0.0,0.0,0.0,0.0,0.0,0.0,0.0,0.0,29200,61,28,20
42136,443,6,188391,0.0,0.0,0.0,0.0,0.0,0.0,0.0,0.0,29200,61,31,20
42146,443,6,141887,0.0,0.0,0.0,0.0,0.0,0.0,0.0,0.0,29200,61,28,20
42144,443,6,142743,0.0,0.0,0.0,0.0,0.0,0.0,0.0,0.0,29200,61,32,20
42142,443,6,143077,0.0,0.0,0.0,0.0,0.0,0.0,0.0,0.0,29200,61,30,20
42152,443,6,145825,0.0,0.0,0.0,0.0,0.0,0.0,0.0,0.0,29200,61,4,32
42150,443,6,142301,0.0,0.0,0.0,0.0,0.0,0.0,0.0,0.0,29200,61,28,20
42148,443,6,143379,0.0,0.0,0.0,0.0,0.0,0.0,0.0,0.0,29200,61,32,20
42154,443,6,394746,0.0,0.0,0.0,0.0,0.0,0.0,0.0,0.0,29200,61,29,20
42156,443,6,62079,0.0,0.0,0.0,0.0,0.0,0.0,0.0,0.0,29200,59,4,32
42160,443,6,122255,0.0,0.0,0.0,0.0,0.0,0.0,0.0,0.0,29200,61,4,32
42162,443,6,142443,0.0,0.0,0.0,0.0,0.0,0.0,0.0,0.0,29200,61,30,20
42160,443,6,23501,0.0,0.0,0.0,0.0,0.0,0.0,0.0,0.0,0,61,23,20
42158,443,6,143365,0.0,0.0,0.0,0.0,0.0,0.0,0.0,0.0,29200,61,29,20
42164,443,6,142825,0.0,0.0,0.0,0.0,0.0,0.0,0.0,0.0,29200,61,30,20
42170,443,6,119793,0.0,0.0,0.0,0.0,0.0,0.0,0.0,0.0,29200,61,4,32
42172,443,6,142885,0.0,0.0,0.0,0.0,0.0,0.0,0.0,0.0,29200,61,28,20
42170,443,6,23422,0.0,0.0,0.0,0.0,0.0,0.0,0.0,0.0,0,61,24,20
42168,443,6,142724,0.0,0.0,0.0,0.0,0.0,0.0,0.0,0.0,29200,61,29,20
42166,443,6,143161,0.0,0.0,0.0,0.0,0.0,0.0,0.0,0.0,29200,61,27,20
42174,443,6,196340,0.0,0.0,0.0,0.0,0.0,0.0,0.0,0.0,29200,61,31,20
42176,443,6,118573,0.0,0.0,0.0,0.0,0.0,0.0,0.0,0.0,29200,61,4,32
42184,443,6,189314,0.0,0.0,0.0,0.0,0.0,0.0,0.0,0.0,29200,61,32,20
42182,443,6,142909,0.0,0.0,0.0,0.0,0.0,0.0,0.0,0.0,29200,61,26,20
42180,443,6,144762,0.0,0.0,0.0,0.0,0.0,0.0,0.0,0.0,29200,61,29,20
42178,443,6,142378,0.0,0.0,0.0,0.0,0.0,0.0,0.0,0.0,29200,61,29,20
42176,443,6,24067,0.0,0.0,0.0,0.0,0.0,0.0,0.0,0.0,0,61,22,20
42190,443,6,119537,0.0,0.0,0.0,0.0,0.0,0.0,0.0,0.0,29200,61,4,32
42194,443,6,142424,0.0,0.0,0.0,0.0,0.0,0.0,0.0,0.0,29200,61,30,20
42192,443,6,142848,0.0,0.0,0.0,0.0,0.0,0.0,0.0,0.0,29200,61,32,20
42190,443,6,23488,0.0,0.0,0.0,0.0,0.0,0.0,0.0,0.0,0,61,21,20
42186,443,6,131864,0.0,0.0,0.0,0.0,0.0,0.0,0.0,0.0,29200,61,24,20
42200,443,6,142592,0.0,0.0,0.0,0.0,0.0,0.0,0.0,0.0,29200,61,29,20
42206,443,6,143358,0.0,0.0,0.0,0.0,0.0,0.0,0.0,0.0,29200,61,29,20
42198,443,6,142675,0.0,0.0,0.0,0.0,0.0,0.0,0.0,0.0,29200,61,31,20
42204,443,6,142797,0.0,0.0,0.0,0.0,0.0,0.0,0.0,0.0,29200,61,30,20
42196,443,6,142740,0.0,0.0,0.0,0.0,0.0,0.0,0.0,0.0,29200,61,29,20
42202,443,6,142247,0.0,0.0,0.0,0.0,0.0,0.0,0.0,0.0,29200,61,28,20
42212,443,6,195966,0.0,0.0,0.0,0.0,0.0,0.0,0.0,0.0,29200,61,30,20
42210,443,6,186390,0.0,0.0,0.0,0.0,0.0,0.0,0.0,0.0,29200,61,33,20
42208,443,6,143354,0.0,0.0,0.0,0.0,0.0,0.0,0.0,0.0,29200,61,30,20
42216,443,6,142817,0.0,0.0,0.0,0.0,0.0,0.0,0.0,0.0,29200,61,24,20
42214,443,6,142734,0.0,0.0,0.0,0.0,0.0,0.0,0.0,0.0,29200,61,32,20
42222,443,6,127932,0.0,0.0,0.0,0.0,0.0,0.0,0.0,0.0,29200,61,4,32
42220,443,6,187229,0.0,0.0,0.0,0.0,0.0,0.0,0.0,0.0,29200,61,29,20
42218,443,6,142653,0.0,0.0,0.0,0.0,0.0,0.0,0.0,0.0,29200,61,31,20
42228,443,6,38668,0.0,0.0,0.0,0.0,0.0,0.0,0.0,0.0,29200,28960,1,32
42232,443,6,143726,0.0,0.0,0.0,0.0,0.0,0.0,0.0,0.0,29200,61,30,20
42230,443,6,122712,0.0,0.0,0.0,0.0,0.0,0.0,0.0,0.0,29200,61,26,20
42226,443,6,234766,0.0,0.0,0.0,0.0,0.0,0.0,0.0,0.0,29200,61,29,20
42236,443,6,142541,0.0,0.0,0.0,0.0,0.0,0.0,0.0,0.0,29200,61,32,20
42224,443,6,146679,0.0,0.0,0.0,0.0,0.0,0.0,0.0,0.0,29200,61,26,20
42234,443,6,143835,0.0,0.0,0.0,0.0,0.0,0.0,0.0,0.0,29200,61,26,20
42246,443,6,119714,0.0,0.0,0.0,0.0,0.0,0.0,0.0,0.0,29200,61,4,32
42242,443,6,142820,0.0,0.0,0.0,0.0,0.0,0.0,0.0,0.0,29200,61,29,20
42238,443,6,189539,0.0,0.0,0.0,0.0,0.0,0.0,0.0,0.0,29200,61,32,20
42240,443,6,142826,0.0,0.0,0.0,0.0,0.0,0.0,0.0,0.0,29200,61,29,20
42246,443,6,23822,0.0,0.0,0.0,0.0,0.0,0.0,0.0,0.0,0,61,22,20
42244,443,6,187835,0.0,0.0,0.0,0.0,0.0,0.0,0.0,0.0,29200,61,32,20
42254,443,6,142291,0.0,0.0,0.0,0.0,0.0,0.0,0.0,0.0,29200,61,26,20
42252,443,6,143701,0.0,0.0,0.0,0.0,0.0,0.0,0.0,0.0,29200,61,28,20
42250,443,6,196404,0.0,0.0,0.0,0.0,0.0,0.0,0.0,0.0,29200,61,31,20
42248,443,6,142241,0.0,0.0,0.0,0.0,0.0,0.0,0.0,0.0,29200,61,28,20
42264,443,6,224404,0.0,0.0,0.0,0.0,0.0,0.0,0.0,0.0,29200,61,30,20
42262,443,6,143577,0.0,0.0,0.0,0.0,0.0,0.0,0.0,0.0,29200,61,26,20
42260,443,6,267407,0.0,0.0,0.0,0.0,0.0,0.0,0.0,0.0,29200,61,53,20
42258,443,6,149954,0.0,0.0,0.0,0.0,0.0,0.0,0.0,0.0,29200,61,32,20
42256,443,6,190688,0.0,0.0,0.0,0.0,0.0,0.0,0.0,0.0,29200,61,31,20
42274,443,6,118946,0.0,0.0,0.0,0.0,0.0,0.0,0.0,0.0,29200,61,4,32
42274,443,6,23623,0.0,0.0,0.0,0.0,0.0,0.0,0.0,0.0,0,61,27,20
42272,443,6,148237,0.0,0.0,0.0,0.0,0.0,0.0,0.0,0.0,29200,61,29,20
42270,443,6,142601,0.0,0.0,0.0,0.0,0.0,0.0,0.0,0.0,29200,61,26,20
42268,443,6,190581,0.0,0.0,0.0,0.0,0.0,0.0,0.0,0.0,29200,61,32,20
42266,443,6,144000,0.0,0.0,0.0,0.0,0.0,0.0,0.0,0.0,29200,61,29,20
42276,443,6,142239,0.0,0.0,0.0,0.0,0.0,0.0,0.0,0.0,29200,61,28,20
42284,443,6,143462,0.0,0.0,0.0,0.0,0.0,0.0,0.0,0.0,29200,61,30,20
42282,443,6,186148,0.0,0.0,0.0,0.0,0.0,0.0,0.0,0.0,29200,61,30,20
42280,443,6,142726,0.0,0.0,0.0,0.0,0.0,0.0,0.0,0.0,29200,61,30,20
42278,443,6,141542,0.0,0.0,0.0,0.0,0.0,0.0,0.0,0.0,29200,61,25,20
42292,443,6,109618,0.0,0.0,0.0,0.0,0.0,0.0,0.0,0.0,29200,61,4,32
42286,443,6,188543,0.0,0.0,0.0,0.0,0.0,0.0,0.0,0.0,29200,61,32,20
42294,443,6,141771,0.0,0.0,0.0,0.0,0.0,0.0,0.0,0.0,29200,61,32,20
42290,443,6,216108,0.0,0.0,0.0,0.0,0.0,0.0,0.0,0.0,29200,61,29,20
42288,443,6,198167,0.0,0.0,0.0,0.0,0.0,0.0,0.0,0.0,29200,61,29,20
42296,443,6,129383,0.0,0.0,0.0,0.0,0.0,0.0,0.0,0.0,29200,61,24,20
42302,443,6,123065,0.0,0.0,0.0,0.0,0.0,0.0,0.0,0.0,29200,61,24,20
42300,443,6,141527,0.0,0.0,0.0,0.0,0.0,0.0,0.0,0.0,29200,61,29,20
42298,443,6,142160,0.0,0.0,0.0,0.0,0.0,0.0,0.0,0.0,29200,61,30,20
42304,443,6,197510,0.0,0.0,0.0,0.0,0.0,0.0,0.0,0.0,29200,61,32,20
42312,443,6,143658,0.0,0.0,0.0,0.0,0.0,0.0,0.0,0.0,29200,61,28,20
42310,443,6,197458,0.0,0.0,0.0,0.0,0.0,0.0,0.0,0.0,29200,61,31,20
42308,443,6,187013,0.0,0.0,0.0,0.0,0.0,0.0,0.0,0.0,29200,61,33,20
42306,443,6,142868,0.0,0.0,0.0,0.0,0.0,0.0,0.0,0.0,29200,61,29,20
42320,443,6,153015,0.0,0.0,0.0,0.0,0.0,0.0,0.0,0.0,29200,61,4,32
42318,443,6,82618,0.0,0.0,0.0,0.0,0.0,0.0,0.0,0.0,29200,61,4,32
42314,443,6,143452,0.0,0.0,0.0,0.0,0.0,0.0,0.0,0.0,29200,61,29,20
42320,443,6,24058,0.0,0.0,0.0,0.0,0.0,0.0,0.0,0.0,0,61,26,20
42316,443,6,198395,0.0,0.0,0.0,0.0,0.0,0.0,0.0,0.0,29200,61,30,20
42326,443,6,118945,0.0,0.0,0.0,0.0,0.0,0.0,0.0,0.0,29200,61,4,32
42324,443,6,142273,0.0,0.0,0.0,0.0,0.0,0.0,0.0,0.0,29200,61,29,20
42322,443,6,142936,0.0,0.0,0.0,0.0,0.0,0.0,0.0,0.0,29200,61,28,20
42332,443,6,142803,0.0,0.0,0.0,0.0,0.0,0.0,0.0,0.0,29200,61,30,20
42330,443,6,187656,0.0,0.0,0.0,0.0,0.0,0.0,0.0,0.0,29200,61,32,20
42328,443,6,143460,0.0,0.0,0.0,0.0,0.0,0.0,0.0,0.0,29200,61,28,20
42326,443,6,23445,0.0,0.0,0.0,0.0,0.0,0.0,0.0,0.0,0,61,22,20
42338,443,6,118468,0.0,0.0,0.0,0.0,0.0,0.0,0.0,0.0,29200,61,4,32
42334,443,6,142724,0.0,0.0,0.0,0.0,0.0,0.0,0.0,0.0,29200,61,29,20
42336,443,6,142270,0.0,0.0,0.0,0.0,0.0,0.0,0.0,0.0,29200,61,28,20
42346,443,6,122968,0.0,0.0,0.0,0.0,0.0,0.0,0.0,0.0,29200,61,27,20
42344,443,6,142478,0.0,0.0,0.0,0.0,0.0,0.0,0.0,0.0,29200,61,31,20
42342,443,6,143531,0.0,0.0,0.0,0.0,0.0,0.0,0.0,0.0,29200,61,28,20
42340,443,6,142245,0.0,0.0,0.0,0.0,0.0,0.0,0.0,0.0,29200,61,26,20
42352,443,6,118879,0.0,0.0,0.0,0.0,0.0,0.0,0.0,0.0,29200,61,4,32
42354,443,6,118011,0.0,0.0,0.0,0.0,0.0,0.0,0.0,0.0,29200,61,4,32
42356,443,6,143745,0.0,0.0,0.0,0.0,0.0,0.0,0.0,0.0,29200,61,31,20
42354,443,6,23739,0.0,0.0,0.0,0.0,0.0,0.0,0.0,0.0,0,61,24,20
42352,443,6,23395,0.0,0.0,0.0,0.0,0.0,0.0,0.0,0.0,0,61,23,20
42350,443,6,142170,0.0,0.0,0.0,0.0,0.0,0.0,0.0,0.0,29200,61,29,20
42348,443,6,143016,0.0,0.0,0.0,0.0,0.0,0.0,0.0,0.0,29200,61,28,20
42360,443,6,35739,0.0,0.0,0.0,0.0,0.0,0.0,0.0,0.0,29200,28960,1,32
42364,443,6,313728,0.0,0.0,0.0,0.0,0.0,0.0,0.0,0.0,29200,61,4,32
42366,443,6,118733,0.0,0.0,0.0,0.0,0.0,0.0,0.0,0.0,29200,61,4,32
42366,443,6,23638,0.0,0.0,0.0,0.0,0.0,0.0,0.0,0.0,0,61,26,20
42362,443,6,143395,0.0,0.0,0.0,0.0,0.0,0.0,0.0,0.0,29200,61,25,20
42358,443,6,188834,0.0,0.0,0.0,0.0,0.0,0.0,0.0,0.0,29200,61,28,20
42374,443,6,143901,0.0,0.0,0.0,0.0,0.0,0.0,0.0,0.0,29200,61,29,20
42372,443,6,142310,0.0,0.0,0.0,0.0,0.0,0.0,0.0,0.0,29200,61,27,20
42368,443,6,142471,0.0,0.0,0.0,0.0,0.0,0.0,0.0,0.0,29200,61,30,20
42370,443,6,143392,0.0,0.0,0.0,0.0,0.0,0.0,0.0,0.0,29200,61,29,20
42380,443,6,142776,0.0,0.0,0.0,0.0,0.0,0.0,0.0,0.0,29200,61,27,20
42378,443,6,189269,0.0,0.0,0.0,0.0,0.0,0.0,0.0,0.0,29200,61,31,20
42376,443,6,142761,0.0,0.0,0.0,0.0,0.0,0.0,0.0,0.0,29200,61,31,20
42384,443,6,142255,0.0,0.0,0.0,0.0,0.0,0.0,0.0,0.0,29200,61,29,20
42382,443,6,188499,0.0,0.0,0.0,0.0,0.0,0.0,0.0,0.0,29200,61,30,20
42392,443,6,118899,0.0,0.0,0.0,0.0,0.0,0.0,0.0,0.0,29200,61,4,32
42390,443,6,186555,0.0,0.0,0.0,0.0,0.0,0.0,0.0,0.0,29200,61,29,20
42388,443,6,196173,0.0,0.0,0.0,0.0,0.0,0.0,0.0,0.0,29200,61,28,20
42386,443,6,143040,0.0,0.0,0.0,0.0,0.0,0.0,0.0,0.0,29200,61,31,20
42394,443,6,126748,0.0,0.0,0.0,0.0,0.0,0.0,0.0,0.0,29200,61,4,32
42398,443,6,142635,0.0,0.0,0.0,0.0,0.0,0.0,0.0,0.0,29200,61,28,20
42396,443,6,142665,0.0,0.0,0.0,0.0,0.0,0.0,0.0,0.0,29200,61,32,20
42400,443,6,143050,0.0,0.0,0.0,0.0,0.0,0.0,0.0,0.0,29200,61,30,20
42406,443,6,142709,0.0,0.0,0.0,0.0,0.0,0.0,0.0,0.0,29200,61,30,20
42404,443,6,144905,0.0,0.0,0.0,0.0,0.0,0.0,0.0,0.0,29200,61,33,20
42402,443,6,143357,0.0,0.0,0.0,0.0,0.0,0.0,0.0,0.0,29200,61,32,20
42408,443,6,142858,0.0,0.0,0.0,0.0,0.0,0.0,0.0,0.0,29200,61,33,20
42416,443,6,196534,0.0,0.0,0.0,0.0,0.0,0.0,0.0,0.0,29200,61,31,20
42414,443,6,142928,0.0,0.0,0.0,0.0,0.0,0.0,0.0,0.0,29200,61,29,20
42412,443,6,123402,0.0,0.0,0.0,0.0,0.0,0.0,0.0,0.0,29200,61,28,20
42410,443,6,142731,0.0,0.0,0.0,0.0,0.0,0.0,0.0,0.0,29200,61,29,20
42418,443,6,127510,0.0,0.0,0.0,0.0,0.0,0.0,0.0,0.0,29200,61,4,32
42426,443,6,142497,0.0,0.0,0.0,0.0,0.0,0.0,0.0,0.0,29200,61,30,20
42424,443,6,186963,0.0,0.0,0.0,0.0,0.0,0.0,0.0,0.0,29200,61,32,20
42422,443,6,197861,0.0,0.0,0.0,0.0,0.0,0.0,0.0,0.0,29200,61,30,20
42420,443,6,142760,0.0,0.0,0.0,0.0,0.0,0.0,0.0,0.0,29200,61,29,20
42418,443,6,23498,0.0,0.0,0.0,0.0,0.0,0.0,0.0,0.0,0,61,24,20
42434,443,6,142790,0.0,0.0,0.0,0.0,0.0,0.0,0.0,0.0,29200,61,31,20
42432,443,6,194123,0.0,0.0,0.0,0.0,0.0,0.0,0.0,0.0,29200,61,30,20
42430,443,6,142819,0.0,0.0,0.0,0.0,0.0,0.0,0.0,0.0,29200,61,29,20
42428,443,6,186407,0.0,0.0,0.0,0.0,0.0,0.0,0.0,0.0,29200,61,32,20
42438,443,6,143033,0.0,0.0,0.0,0.0,0.0,0.0,0.0,0.0,29200,61,31,20
42436,443,6,195544,0.0,0.0,0.0,0.0,0.0,0.0,0.0,0.0,29200,61,32,20
42442,443,6,142215,0.0,0.0,0.0,0.0,0.0,0.0,0.0,0.0,29200,61,29,20
42440,443,6,142395,0.0,0.0,0.0,0.0,0.0,0.0,0.0,0.0,29200,61,25,20
42448,443,6,142742,0.0,0.0,0.0,0.0,0.0,0.0,0.0,0.0,29200,61,28,20
42450,443,6,122673,0.0,0.0,0.0,0.0,0.0,0.0,0.0,0.0,29200,61,25,20
42446,443,6,187038,0.0,0.0,0.0,0.0,0.0,0.0,0.0,0.0,29200,61,33,20
42444,443,6,142470,0.0,0.0,0.0,0.0,0.0,0.0,0.0,0.0,29200,61,31,20
39342,443,6,161,0.0,0.0,0.0,0.0,0.0,0.0,0.0,0.0,342,-1,0,32
57100,465,6,2198477,0.0,0.0,0.0,0.0,0.0,0.0,0.0,0.0,29200,175,12,32
57100,465,6,49,0.0,0.0,0.0,0.0,0.0,0.0,0.0,0.0,307,-1,0,32
50084,80,6,50486,0.0,0.0,0.0,0.0,0.0,0.0,0.0,0.0,237,119,0,32
50094,80,6,51273,0.0,0.0,0.0,0.0,0.0,0.0,0.0,0.0,245,141,0,32
50096,80,6,50722,0.0,0.0,0.0,0.0,0.0,0.0,0.0,0.0,245,127,0,32
45544,80,6,50641,0.0,0.0,0.0,0.0,0.0,0.0,0.0,0.0,237,110,0,32
55786,80,6,51022,0.0,0.0,0.0,0.0,0.0,0.0,0.0,0.0,239,110,0,32
58870,80,6,51245,0.0,0.0,0.0,0.0,0.0,0.0,0.0,0.0,237,110,0,32
49324,80,6,50534,0.0,0.0,0.0,0.0,0.0,0.0,0.0,0.0,654,325,0,32
41514,80,6,50884,0.0,0.0,0.0,0.0,0.0,0.0,0.0,0.0,237,110,0,32
38682,80,6,50408,0.0,0.0,0.0,0.0,0.0,0.0,0.0,0.0,237,110,0,32
50276,80,6,83784,0.0,0.0,0.0,0.0,0.0,0.0,0.0,0.0,251,114,0,32
42970,80,6,50905,0.0,0.0,0.0,0.0,0.0,0.0,0.0,0.0,251,110,0,32
44290,80,6,46728,0.0,0.0,0.0,0.0,0.0,0.0,0.0,0.0,237,75,0,32
38054,80,6,50833,0.0,0.0,0.0,0.0,0.0,0.0,0.0,0.0,319,153,0,32
39960,80,6,50448,0.0,0.0,0.0,0.0,0.0,0.0,0.0,0.0,237,110,0,32
47851,443,6,116606690,172370.0,166172.922,289872.0,54868.0,58100000.0,140678.187,58200000.0,58000000.0,29200,34,17,20
123,123,17,91190,0.0,0.0,0.0,0.0,0.0,0.0,0.0,0.0,-1,-1,0,32
123,123,17,84776,0.0,0.0,0.0,0.0,0.0,0.0,0.0,0.0,-1,-1,0,32
51944,443,6,3,0.0,0.0,0.0,0.0,0.0,0.0,0.0,0.0,408,-1,0,32
137,137,17,22,0.0,0.0,0.0,0.0,0.0,0.0,0.0,0.0,-1,-1,12,20
12886,53,17,313,0.0,0.0,0.0,0.0,0.0,0.0,0.0,0.0,-1,-1,1,20
33063,53,17,253,0.0,0.0,0.0,0.0,0.0,0.0,0.0,0.0,-1,-1,1,20
55975,53,17,188,0.0,0.0,0.0,0.0,0.0,0.0,0.0,0.0,-1,-1,1,32
52990,53,17,246,0.0,0.0,0.0,0.0,0.0,0.0,0.0,0.0,-1,-1,1,32
46646,53,17,260,0.0,0.0,0.0,0.0,0.0,0.0,0.0,0.0,-1,-1,1,32
23203,53,17,275,0.0,0.0,0.0,0.0,0.0,0.0,0.0,0.0,-1,-1,1,32
20147,53,17,25399,0.0,0.0,0.0,0.0,0.0,0.0,0.0,0.0,-1,-1,1,32
22398,53,17,25871,0.0,0.0,0.0,0.0,0.0,0.0,0.0,0.0,-1,-1,1,32
41305,53,17,186,0.0,0.0,0.0,0.0,0.0,0.0,0.0,0.0,-1,-1,1,32
6937,53,17,189,0.0,0.0,0.0,0.0,0.0,0.0,0.0,0.0,-1,-1,1,32
31924,53,17,61438,0.0,0.0,0.0,0.0,0.0,0.0,0.0,0.0,-1,-1,1,20
55785,53,17,61664,0.0,0.0,0.0,0.0,0.0,0.0,0.0,0.0,-1,-1,1,20
57952,53,17,290,0.0,0.0,0.0,0.0,0.0,0.0,0.0,0.0,-1,-1,1,32
15468,53,17,229,0.0,0.0,0.0,0.0,0.0,0.0,0.0,0.0,-1,-1,1,32
20382,53,17,266,0.0,0.0,0.0,0.0,0.0,0.0,0.0,0.0,-1,-1,1,20
20794,53,17,257,0.0,0.0,0.0,0.0,0.0,0.0,0.0,0.0,-1,-1,1,20
35450,53,17,259,0.0,0.0,0.0,0.0,0.0,0.0,0.0,0.0,-1,-1,1,32
1945,53,17,199,0.0,0.0,0.0,0.0,0.0,0.0,0.0,0.0,-1,-1,1,32
63262,53,17,255,0.0,0.0,0.0,0.0,0.0,0.0,0.0,0.0,-1,-1,1,32
19340,53,17,264,0.0,0.0,0.0,0.0,0.0,0.0,0.0,0.0,-1,-1,1,32
25570,53,17,198,0.0,0.0,0.0,0.0,0.0,0.0,0.0,0.0,-1,-1,1,32
28280,53,17,399,0.0,0.0,0.0,0.0,0.0,0.0,0.0,0.0,-1,-1,1,32
47647,53,17,24629,0.0,0.0,0.0,0.0,0.0,0.0,0.0,0.0,-1,-1,1,40
14250,53,17,320,0.0,0.0,0.0,0.0,0.0,0.0,0.0,0.0,-1,-1,1,32
5151,53,17,262,0.0,0.0,0.0,0.0,0.0,0.0,0.0,0.0,-1,-1,1,32
25323,53,17,60398,0.0,0.0,0.0,0.0,0.0,0.0,0.0,0.0,-1,-1,1,40
56789,53,17,250,0.0,0.0,0.0,0.0,0.0,0.0,0.0,0.0,-1,-1,1,32
22210,53,17,309,0.0,0.0,0.0,0.0,0.0,0.0,0.0,0.0,-1,-1,1,32
7077,53,17,271,0.0,0.0,0.0,0.0,0.0,0.0,0.0,0.0,-1,-1,1,20
48397,53,17,324,0.0,0.0,0.0,0.0,0.0,0.0,0.0,0.0,-1,-1,1,20
38595,53,17,322,0.0,0.0,0.0,0.0,0.0,0.0,0.0,0.0,-1,-1,1,32
55769,53,17,468,0.0,0.0,0.0,0.0,0.0,0.0,0.0,0.0,-1,-1,1,32
35988,53,17,332,0.0,0.0,0.0,0.0,0.0,0.0,0.0,0.0,-1,-1,1,32
52096,53,17,335,0.0,0.0,0.0,0.0,0.0,0.0,0.0,0.0,-1,-1,1,32
41329,53,17,242,0.0,0.0,0.0,0.0,0.0,0.0,0.0,0.0,-1,-1,1,32
45041,53,17,301,0.0,0.0,0.0,0.0,0.0,0.0,0.0,0.0,-1,-1,1,32
56501,443,6,3520858,0.0,0.0,0.0,0.0,0.0,0.0,0.0,0.0,330,228,2,32
56501,443,6,4,0.0,0.0,0.0,0.0,0.0,0.0,0.0,0.0,0,-1,1,20
45228,80,6,4024829,0.0,0.0,0.0,0.0,0.0,0.0,0.0,0.0,255,255,0,32
42102,443,6,5006404,0.0,0.0,0.0,0.0,0.0,0.0,0.0,0.0,319,301,0,32
45222,80,6,4942446,0.0,0.0,0.0,0.0,0.0,0.0,0.0,0.0,272,276,0,32
42101,443,6,5080229,50142.0,0.0,50142.0,50142.0,5030086.0,0.0,5030086.0,5030086.0,277,268,0,32
45231,80,6,4910442,0.0,0.0,0.0,0.0,0.0,0.0,0.0,0.0,255,255,0,32
45229,80,6,4920527,0.0,0.0,0.0,0.0,0.0,0.0,0.0,0.0,255,255,0,32
42105,443,6,4984505,0.0,0.0,0.0,0.0,0.0,0.0,0.0,0.0,294,284,0,32
42104,443,6,4984564,0.0,0.0,0.0,0.0,0.0,0.0,0.0,0.0,295,284,0,32
45228,80,6,49920,0.0,0.0,0.0,0.0,0.0,0.0,0.0,0.0,255,255,0,32
42101,443,6,49,0.0,0.0,0.0,0.0,0.0,0.0,0.0,0.0,277,-1,0,32
42102,443,6,161,0.0,0.0,0.0,0.0,0.0,0.0,0.0,0.0,319,-1,0,32
42104,443,6,109,0.0,0.0,0.0,0.0,0.0,0.0,0.0,0.0,295,-1,0,32
42105,443,6,242,0.0,0.0,0.0,0.0,0.0,0.0,0.0,0.0,294,-1,0,32
45231,80,6,50075,0.0,0.0,0.0,0.0,0.0,0.0,0.0,0.0,255,255,0,32
45229,80,6,49961,0.0,0.0,0.0,0.0,0.0,0.0,0.0,0.0,255,255,0,32
45222,80,6,50133,0.0,0.0,0.0,0.0,0.0,0.0,0.0,0.0,272,276,0,32
33856,465,6,1804148,0.0,0.0,0.0,0.0,0.0,0.0,0.0,0.0,29200,175,12,32
33856,465,6,48,0.0,0.0,0.0,0.0,0.0,0.0,0.0,0.0,307,-1,0,32
51895,443,6,63874054,61862.5,116.6726189,61945.0,61780.0,31900000.0,37000000.0,58000000.0,5737463.0,1323,225,3,32
42170,443,6,4522563,0.0,0.0,0.0,0.0,0.0,0.0,0.0,0.0,5130,127,2,32
42170,443,6,1064,0.0,0.0,0.0,0.0,0.0,0.0,0.0,0.0,0,0,2,20
57762,443,6,4522242,0.0,0.0,0.0,0.0,0.0,0.0,0.0,0.0,2316,287,2,32
57764,443,6,4521670,0.0,0.0,0.0,0.0,0.0,0.0,0.0,0.0,1444,309,2,32
57764,443,6,306,0.0,0.0,0.0,0.0,0.0,0.0,0.0,0.0,0,0,0,20
57762,443,6,872,0.0,0.0,0.0,0.0,0.0,0.0,0.0,0.0,0,0,2,20
123,123,17,94224,0.0,0.0,0.0,0.0,0.0,0.0,0.0,0.0,-1,-1,0,32
123,123,17,37212,0.0,0.0,0.0,0.0,0.0,0.0,0.0,0.0,-1,-1,0,20
38355,80,6,116038005,67116.18182,101863.4844,374246.0,36283.0,10000000.0,5857.251324,10000000.0,9997362.0,29200,349,2,32
40295,443,6,116228748,65289.08333,98235.42111,377228.0,36734.0,9620439.833,1351375.153,10000000.0,5329274.0,29200,562,5,32
36114,443,6,115799649,54158.25,61413.52299,249172.0,36262.0,9595812.25,1434095.006,10000000.0,5041971.0,29200,377,6,32
5733,53,17,207,0.0,0.0,0.0,0.0,0.0,0.0,0.0,0.0,-1,-1,1,32
54010,53,17,319,0.0,0.0,0.0,0.0,0.0,0.0,0.0,0.0,-1,-1,1,32
45188,53,17,50937,0.0,0.0,0.0,0.0,0.0,0.0,0.0,0.0,-1,-1,1,32
59737,53,17,254,0.0,0.0,0.0,0.0,0.0,0.0,0.0,0.0,-1,-1,1,32
11408,53,17,50659,0.0,0.0,0.0,0.0,0.0,0.0,0.0,0.0,-1,-1,1,32
23873,53,17,285,0.0,0.0,0.0,0.0,0.0,0.0,0.0,0.0,-1,-1,1,32
39941,53,17,255,0.0,0.0,0.0,0.0,0.0,0.0,0.0,0.0,-1,-1,1,32
21883,53,17,253,0.0,0.0,0.0,0.0,0.0,0.0,0.0,0.0,-1,-1,1,32
64008,53,17,101128,0.0,0.0,0.0,0.0,0.0,0.0,0.0,0.0,-1,-1,1,32
27047,53,17,51047,0.0,0.0,0.0,0.0,0.0,0.0,0.0,0.0,-1,-1,1,32
53527,443,6,271374,0.0,0.0,0.0,0.0,0.0,0.0,0.0,0.0,65535,130,0,32
53528,443,6,269365,0.0,0.0,0.0,0.0,0.0,0.0,0.0,0.0,65535,130,0,32
53526,443,6,263653,0.0,0.0,0.0,0.0,0.0,0.0,0.0,0.0,65535,130,0,32
53524,443,6,269882,0.0,0.0,0.0,0.0,0.0,0.0,0.0,0.0,65535,130,0,32
123,123,17,63021198,23401.0,0.0,23401.0,23401.0,63000000.0,0.0,63000000.0,63000000.0,-1,-1,1,32
61286,53,17,113789,0.0,0.0,0.0,0.0,0.0,0.0,0.0,0.0,-1,-1,1,32
53530,389,6,115791754,20311.0,0.0,20311.0,20311.0,116000000.0,0.0,116000000.0,116000000.0,65535,0,10,32
53529,3268,6,115812212,19638.0,0.0,19638.0,19638.0,116000000.0,0.0,116000000.0,116000000.0,65535,0,10,32
53531,443,6,29841695,359260.0,0.0,359260.0,359260.0,29500000.0,0.0,29500000.0,29500000.0,65535,142,14,20
61539,53,17,23537,0.0,0.0,0.0,0.0,0.0,0.0,0.0,0.0,-1,-1,0,32
61522,53,17,24759,0.0,0.0,0.0,0.0,0.0,0.0,0.0,0.0,-1,-1,0,20
61739,53,17,60609,0.0,0.0,0.0,0.0,0.0,0.0,0.0,0.0,-1,-1,0,32
62293,53,17,23405,0.0,0.0,0.0,0.0,0.0,0.0,0.0,0.0,-1,-1,0,32
62405,53,17,120792,0.0,0.0,0.0,0.0,0.0,0.0,0.0,0.0,-1,-1,0,32
61381,53,17,59914,0.0,0.0,0.0,0.0,0.0,0.0,0.0,0.0,-1,-1,0,20
60109,53,17,76881,0.0,0.0,0.0,0.0,0.0,0.0,0.0,0.0,-1,-1,0,20
62316,53,17,71933,0.0,0.0,0.0,0.0,0.0,0.0,0.0,0.0,-1,-1,0,20
62049,53,17,77608,0.0,0.0,0.0,0.0,0.0,0.0,0.0,0.0,-1,-1,0,20
60602,53,17,82493,0.0,0.0,0.0,0.0,0.0,0.0,0.0,0.0,-1,-1,0,20
62501,53,17,225547,0.0,0.0,0.0,0.0,0.0,0.0,0.0,0.0,-1,-1,0,20
62538,53,17,63195130,52256.0,0.0,52256.0,52256.0,62800000.0,0.0,62800000.0,62800000.0,-1,-1,1,20
60047,53,17,60069,0.0,0.0,0.0,0.0,0.0,0.0,0.0,0.0,-1,-1,0,20
62386,53,17,23604,0.0,0.0,0.0,0.0,0.0,0.0,0.0,0.0,-1,-1,0,20
61867,53,17,23441,0.0,0.0,0.0,0.0,0.0,0.0,0.0,0.0,-1,-1,0,32
60857,53,17,48481,0.0,0.0,0.0,0.0,0.0,0.0,0.0,0.0,-1,-1,0,32
60094,53,17,71392,0.0,0.0,0.0,0.0,0.0,0.0,0.0,0.0,-1,-1,0,32
60698,53,17,63041,0.0,0.0,0.0,0.0,0.0,0.0,0.0,0.0,-1,-1,0,32
62132,53,17,136471,0.0,0.0,0.0,0.0,0.0,0.0,0.0,0.0,-1,-1,0,20
61323,53,17,458,0.0,0.0,0.0,0.0,0.0,0.0,0.0,0.0,-1,-1,0,32
60347,53,17,47962,0.0,0.0,0.0,0.0,0.0,0.0,0.0,0.0,-1,-1,0,32
62077,53,17,23143,0.0,0.0,0.0,0.0,0.0,0.0,0.0,0.0,-1,-1,0,32
62515,53,17,23424,0.0,0.0,0.0,0.0,0.0,0.0,0.0,0.0,-1,-1,0,32
61475,53,17,49477,0.0,0.0,0.0,0.0,0.0,0.0,0.0,0.0,-1,-1,0,20
62046,53,17,123543,0.0,0.0,0.0,0.0,0.0,0.0,0.0,0.0,-1,-1,0,32
61462,53,17,48750,0.0,0.0,0.0,0.0,0.0,0.0,0.0,0.0,-1,-1,0,32
62196,53,17,122269,0.0,0.0,0.0,0.0,0.0,0.0,0.0,0.0,-1,-1,0,32
61064,53,17,98492066,1101027.0,0.0,1101027.0,1101027.0,97300000.0,0.0,97300000.0,97300000.0,-1,-1,2,20
61663,53,17,23285,0.0,0.0,0.0,0.0,0.0,0.0,0.0,0.0,-1,-1,0,20
61801,53,17,23032,0.0,0.0,0.0,0.0,0.0,0.0,0.0,0.0,-1,-1,0,32
60223,53,17,49777,0.0,0.0,0.0,0.0,0.0,0.0,0.0,0.0,-1,-1,0,20
62042,53,17,110695,0.0,0.0,0.0,0.0,0.0,0.0,0.0,0.0,-1,-1,0,32
61859,53,17,47993,0.0,0.0,0.0,0.0,0.0,0.0,0.0,0.0,-1,-1,0,20
62066,53,17,83410,0.0,0.0,0.0,0.0,0.0,0.0,0.0,0.0,-1,-1,0,20
60550,53,17,23520,0.0,0.0,0.0,0.0,0.0,0.0,0.0,0.0,-1,-1,0,20
60779,53,17,23306,0.0,0.0,0.0,0.0,0.0,0.0,0.0,0.0,-1,-1,0,20
60922,53,17,23689,0.0,0.0,0.0,0.0,0.0,0.0,0.0,0.0,-1,-1,0,20
61921,53,17,6839562,66714.0,0.0,66714.0,66714.0,6749583.0,0.0,6749583.0,6749583.0,-1,-1,1,20
62105,53,17,23457,0.0,0.0,0.0,0.0,0.0,0.0,0.0,0.0,-1,-1,0,20
62186,53,17,25931,0.0,0.0,0.0,0.0,0.0,0.0,0.0,0.0,-1,-1,0,32
62226,53,17,60440,0.0,0.0,0.0,0.0,0.0,0.0,0.0,0.0,-1,-1,0,20
62301,53,17,46421,0.0,0.0,0.0,0.0,0.0,0.0,0.0,0.0,-1,-1,0,20
62343,53,17,46385,0.0,0.0,0.0,0.0,0.0,0.0,0.0,0.0,-1,-1,0,32
61242,53,17,60198,0.0,0.0,0.0,0.0,0.0,0.0,0.0,0.0,-1,-1,0,20
60788,53,17,92446,0.0,0.0,0.0,0.0,0.0,0.0,0.0,0.0,-1,-1,0,32
61558,53,17,23922,0.0,0.0,0.0,0.0,0.0,0.0,0.0,0.0,-1,-1,0,20
60947,53,17,23345,0.0,0.0,0.0,0.0,0.0,0.0,0.0,0.0,-1,-1,0,20
61157,53,17,23762,0.0,0.0,0.0,0.0,0.0,0.0,0.0,0.0,-1,-1,0,20
61421,53,17,60370,0.0,0.0,0.0,0.0,0.0,0.0,0.0,0.0,-1,-1,0,20
62148,53,17,16877560,69959.0,0.0,69959.0,69959.0,16800000.0,0.0,16800000.0,16800000.0,-1,-1,1,20
60722,53,17,30793,0.0,0.0,0.0,0.0,0.0,0.0,0.0,0.0,-1,-1,0,20
62325,53,17,50907205,4277941.0,0.0,4277941.0,4277941.0,46500000.0,0.0,46500000.0,46500000.0,-1,-1,2,20
60516,53,17,76320,0.0,0.0,0.0,0.0,0.0,0.0,0.0,0.0,-1,-1,0,20
60243,53,17,60992,0.0,0.0,0.0,0.0,0.0,0.0,0.0,0.0,-1,-1,0,20
60835,53,17,48338,0.0,0.0,0.0,0.0,0.0,0.0,0.0,0.0,-1,-1,0,32
61415,53,17,5254984,23677.0,0.0,23677.0,23677.0,5122615.0,0.0,5122615.0,5122615.0,-1,-1,1,20
60729,53,17,23563,0.0,0.0,0.0,0.0,0.0,0.0,0.0,0.0,-1,-1,0,20
62052,53,17,48951,0.0,0.0,0.0,0.0,0.0,0.0,0.0,0.0,-1,-1,0,20
61560,53,17,139895,0.0,0.0,0.0,0.0,0.0,0.0,0.0,0.0,-1,-1,0,20
61397,53,17,50361,0.0,0.0,0.0,0.0,0.0,0.0,0.0,0.0,-1,-1,0,32
60712,53,17,95459,0.0,0.0,0.0,0.0,0.0,0.0,0.0,0.0,-1,-1,0,20
61100,53,17,28722,0.0,0.0,0.0,0.0,0.0,0.0,0.0,0.0,-1,-1,0,20
60822,53,17,23215,0.0,0.0,0.0,0.0,0.0,0.0,0.0,0.0,-1,-1,0,20
60826,53,17,23414,0.0,0.0,0.0,0.0,0.0,0.0,0.0,0.0,-1,-1,0,20
60885,53,17,31040,0.0,0.0,0.0,0.0,0.0,0.0,0.0,0.0,-1,-1,0,20
62420,53,17,23422,0.0,0.0,0.0,0.0,0.0,0.0,0.0,0.0,-1,-1,0,32
62406,53,17,54912722,23570.0,0.0,23570.0,23570.0,54800000.0,0.0,54800000.0,54800000.0,-1,-1,1,20
61652,53,17,2791073,0.0,0.0,0.0,0.0,0.0,0.0,0.0,0.0,-1,-1,1,20
61047,53,17,23420,0.0,0.0,0.0,0.0,0.0,0.0,0.0,0.0,-1,-1,0,20
60664,53,17,70539703,48059.0,0.0,48059.0,48059.0,70500000.0,0.0,70500000.0,70500000.0,-1,-1,1,20
60081,53,17,23406,0.0,0.0,0.0,0.0,0.0,0.0,0.0,0.0,-1,-1,0,20
61296,53,17,70367096,23490.0,0.0,23490.0,23490.0,70300000.0,0.0,70300000.0,70300000.0,-1,-1,1,20
61182,53,17,23529,0.0,0.0,0.0,0.0,0.0,0.0,0.0,0.0,-1,-1,0,20
62092,53,17,86782656,129575.0,0.0,129575.0,129575.0,86600000.0,0.0,86600000.0,86600000.0,-1,-1,1,32
60179,53,17,23646,0.0,0.0,0.0,0.0,0.0,0.0,0.0,0.0,-1,-1,0,20
62094,53,17,23845,0.0,0.0,0.0,0.0,0.0,0.0,0.0,0.0,-1,-1,0,20
60532,53,17,64313,0.0,0.0,0.0,0.0,0.0,0.0,0.0,0.0,-1,-1,0,32
61393,53,17,168963,0.0,0.0,0.0,0.0,0.0,0.0,0.0,0.0,-1,-1,0,20
62333,53,17,23634,0.0,0.0,0.0,0.0,0.0,0.0,0.0,0.0,-1,-1,0,20
61144,53,17,81910,0.0,0.0,0.0,0.0,0.0,0.0,0.0,0.0,-1,-1,0,20
61154,53,17,47543,0.0,0.0,0.0,0.0,0.0,0.0,0.0,0.0,-1,-1,0,20
60888,53,17,47785,0.0,0.0,0.0,0.0,0.0,0.0,0.0,0.0,-1,-1,0,20
61002,53,17,128956,0.0,0.0,0.0,0.0,0.0,0.0,0.0,0.0,-1,-1,0,32
61223,53,17,48326,0.0,0.0,0.0,0.0,0.0,0.0,0.0,0.0,-1,-1,0,32
60703,53,17,62867219,181135.0,0.0,181135.0,181135.0,62600000.0,0.0,62600000.0,62600000.0,-1,-1,1,20
62174,53,17,566,0.0,0.0,0.0,0.0,0.0,0.0,0.0,0.0,-1,-1,0,20
61832,53,17,23461,0.0,0.0,0.0,0.0,0.0,0.0,0.0,0.0,-1,-1,0,20
61762,53,17,279986,0.0,0.0,0.0,0.0,0.0,0.0,0.0,0.0,-1,-1,0,32
61984,53,17,62233,0.0,0.0,0.0,0.0,0.0,0.0,0.0,0.0,-1,-1,0,20
60807,53,17,60122,0.0,0.0,0.0,0.0,0.0,0.0,0.0,0.0,-1,-1,0,20
60232,53,17,61215,0.0,0.0,0.0,0.0,0.0,0.0,0.0,0.0,-1,-1,0,20
62233,53,17,58147679,23444.0,0.0,23444.0,23444.0,57800000.0,0.0,57800000.0,57800000.0,-1,-1,1,20
61733,53,17,153357,0.0,0.0,0.0,0.0,0.0,0.0,0.0,0.0,-1,-1,0,20
61233,53,17,168759,0.0,0.0,0.0,0.0,0.0,0.0,0.0,0.0,-1,-1,0,20
60903,53,17,9740076,76750.0,0.0,76750.0,76750.0,9615286.0,0.0,9615286.0,9615286.0,-1,-1,1,20
61054,53,17,153871,0.0,0.0,0.0,0.0,0.0,0.0,0.0,0.0,-1,-1,0,20
60367,53,17,46556,0.0,0.0,0.0,0.0,0.0,0.0,0.0,0.0,-1,-1,0,20
60296,53,17,60516,0.0,0.0,0.0,0.0,0.0,0.0,0.0,0.0,-1,-1,0,20
62311,53,17,76755,0.0,0.0,0.0,0.0,0.0,0.0,0.0,0.0,-1,-1,0,32
61151,53,17,48835,0.0,0.0,0.0,0.0,0.0,0.0,0.0,0.0,-1,-1,0,20
62075,53,17,405,0.0,0.0,0.0,0.0,0.0,0.0,0.0,0.0,-1,-1,0,32
61015,53,17,491,0.0,0.0,0.0,0.0,0.0,0.0,0.0,0.0,-1,-1,0,32
62327,53,17,109665,0.0,0.0,0.0,0.0,0.0,0.0,0.0,0.0,-1,-1,0,32
60653,53,17,25309,0.0,0.0,0.0,0.0,0.0,0.0,0.0,0.0,-1,-1,0,32
60579,53,17,50906,0.0,0.0,0.0,0.0,0.0,0.0,0.0,0.0,-1,-1,0,20
60406,53,17,163477,0.0,0.0,0.0,0.0,0.0,0.0,0.0,0.0,-1,-1,0,32
62350,53,17,61496,0.0,0.0,0.0,0.0,0.0,0.0,0.0,0.0,-1,-1,0,32
61754,53,17,47682,0.0,0.0,0.0,0.0,0.0,0.0,0.0,0.0,-1,-1,0,32
60051,53,17,50483,0.0,0.0,0.0,0.0,0.0,0.0,0.0,0.0,-1,-1,0,20
60848,53,17,59986,0.0,0.0,0.0,0.0,0.0,0.0,0.0,0.0,-1,-1,0,32
61855,53,17,69489,0.0,0.0,0.0,0.0,0.0,0.0,0.0,0.0,-1,-1,0,32
60074,53,17,60216,0.0,0.0,0.0,0.0,0.0,0.0,0.0,0.0,-1,-1,0,32
60492,53,17,48175,0.0,0.0,0.0,0.0,0.0,0.0,0.0,0.0,-1,-1,0,32
62459,53,17,48180,0.0,0.0,0.0,0.0,0.0,0.0,0.0,0.0,-1,-1,0,32
62349,53,17,61544,0.0,0.0,0.0,0.0,0.0,0.0,0.0,0.0,-1,-1,0,20
61862,53,17,58876,0.0,0.0,0.0,0.0,0.0,0.0,0.0,0.0,-1,-1,0,20
61247,53,17,60270,0.0,0.0,0.0,0.0,0.0,0.0,0.0,0.0,-1,-1,0,20
60837,53,17,60287,0.0,0.0,0.0,0.0,0.0,0.0,0.0,0.0,-1,-1,0,20
61029,53,17,93196139,71252.0,0.0,71252.0,71252.0,93100000.0,0.0,93100000.0,93100000.0,-1,-1,1,20
62136,53,17,23574,0.0,0.0,0.0,0.0,0.0,0.0,0.0,0.0,-1,-1,0,20
62135,53,17,23589,0.0,0.0,0.0,0.0,0.0,0.0,0.0,0.0,-1,-1,0,20
60456,53,17,23753,0.0,0.0,0.0,0.0,0.0,0.0,0.0,0.0,-1,-1,0,20
60183,53,17,182832,0.0,0.0,0.0,0.0,0.0,0.0,0.0,0.0,-1,-1,0,20
61685,53,17,23595,0.0,0.0,0.0,0.0,0.0,0.0,0.0,0.0,-1,-1,0,20
61592,53,17,24134,0.0,0.0,0.0,0.0,0.0,0.0,0.0,0.0,-1,-1,0,32
61465,53,17,23875,0.0,0.0,0.0,0.0,0.0,0.0,0.0,0.0,-1,-1,0,32
60318,53,17,46720,0.0,0.0,0.0,0.0,0.0,0.0,0.0,0.0,-1,-1,0,32
62146,53,17,23194,0.0,0.0,0.0,0.0,0.0,0.0,0.0,0.0,-1,-1,0,32
60930,53,17,45669072,219348.0,0.0,219348.0,219348.0,45400000.0,0.0,45400000.0,45400000.0,-1,-1,1,32
61819,53,17,23853,0.0,0.0,0.0,0.0,0.0,0.0,0.0,0.0,-1,-1,0,40
61237,53,17,75309,0.0,0.0,0.0,0.0,0.0,0.0,0.0,0.0,-1,-1,0,32
60076,53,17,24108,0.0,0.0,0.0,0.0,0.0,0.0,0.0,0.0,-1,-1,0,40
61318,53,17,59827,0.0,0.0,0.0,0.0,0.0,0.0,0.0,0.0,-1,-1,0,32
60791,53,17,23981,0.0,0.0,0.0,0.0,0.0,0.0,0.0,0.0,-1,-1,0,32
62413,53,17,679,0.0,0.0,0.0,0.0,0.0,0.0,0.0,0.0,-1,-1,0,20
60096,53,17,23183,0.0,0.0,0.0,0.0,0.0,0.0,0.0,0.0,-1,-1,0,20
60487,53,17,49577793,61007.0,0.0,61007.0,61007.0,49500000.0,0.0,49500000.0,49500000.0,-1,-1,1,40
60291,53,17,46296,0.0,0.0,0.0,0.0,0.0,0.0,0.0,0.0,-1,-1,0,32
60607,53,17,59612,0.0,0.0,0.0,0.0,0.0,0.0,0.0,0.0,-1,-1,0,32
60577,53,17,23502,0.0,0.0,0.0,0.0,0.0,0.0,0.0,0.0,-1,-1,0,32
62476,53,17,49306,0.0,0.0,0.0,0.0,0.0,0.0,0.0,0.0,-1,-1,0,20
62466,53,17,47466,0.0,0.0,0.0,0.0,0.0,0.0,0.0,0.0,-1,-1,0,20
60366,53,17,23365,0.0,0.0,0.0,0.0,0.0,0.0,0.0,0.0,-1,-1,0,20
60628,53,17,23184,0.0,0.0,0.0,0.0,0.0,0.0,0.0,0.0,-1,-1,0,32
61523,53,17,47593,0.0,0.0,0.0,0.0,0.0,0.0,0.0,0.0,-1,-1,0,20
61122,53,17,100696,0.0,0.0,0.0,0.0,0.0,0.0,0.0,0.0,-1,-1,0,20
61356,53,17,23539,0.0,0.0,0.0,0.0,0.0,0.0,0.0,0.0,-1,-1,0,20
62158,53,17,80761879,59412.0,0.0,59412.0,59412.0,80700000.0,0.0,80700000.0,80700000.0,-1,-1,1,20
60586,53,17,46633606,46331.0,0.0,46331.0,46331.0,46500000.0,0.0,46500000.0,46500000.0,-1,-1,1,32
62461,53,17,23484,0.0,0.0,0.0,0.0,0.0,0.0,0.0,0.0,-1,-1,0,32
60617,53,17,88178949,23411.0,0.0,23411.0,23411.0,88100000.0,0.0,88100000.0,88100000.0,-1,-1,1,32
60699,53,17,69202,0.0,0.0,0.0,0.0,0.0,0.0,0.0,0.0,-1,-1,0,20
62371,53,17,68994,0.0,0.0,0.0,0.0,0.0,0.0,0.0,0.0,-1,-1,0,20
60213,53,17,58985,0.0,0.0,0.0,0.0,0.0,0.0,0.0,0.0,-1,-1,0,20
62532,53,17,11214353,60784.0,0.0,60784.0,60784.0,10900000.0,0.0,10900000.0,10900000.0,-1,-1,1,20
61970,53,17,61221,0.0,0.0,0.0,0.0,0.0,0.0,0.0,0.0,-1,-1,0,20
61261,53,17,59528,0.0,0.0,0.0,0.0,0.0,0.0,0.0,0.0,-1,-1,0,20
61045,53,17,60981,0.0,0.0,0.0,0.0,0.0,0.0,0.0,0.0,-1,-1,0,20
61150,53,17,45801809,23420.0,0.0,23420.0,23420.0,45700000.0,0.0,45700000.0,45700000.0,-1,-1,1,20
61259,53,17,161240,0.0,0.0,0.0,0.0,0.0,0.0,0.0,0.0,-1,-1,0,20
60398,53,17,23626,0.0,0.0,0.0,0.0,0.0,0.0,0.0,0.0,-1,-1,0,20
61024,53,17,46958,0.0,0.0,0.0,0.0,0.0,0.0,0.0,0.0,-1,-1,0,40
60308,53,17,100328,0.0,0.0,0.0,0.0,0.0,0.0,0.0,0.0,-1,-1,0,20
60906,53,17,386099,0.0,0.0,0.0,0.0,0.0,0.0,0.0,0.0,-1,-1,0,20
61704,53,17,23346,0.0,0.0,0.0,0.0,0.0,0.0,0.0,0.0,-1,-1,0,20
62083,53,17,23348,0.0,0.0,0.0,0.0,0.0,0.0,0.0,0.0,-1,-1,0,20
61334,53,17,47946,0.0,0.0,0.0,0.0,0.0,0.0,0.0,0.0,-1,-1,0,32
61629,53,17,85018123,447115.0,462143.779,773900.0,120330.0,42000000.0,51000000.0,78100000.0,5989774.0,-1,-1,2,20
61039,53,17,23634,0.0,0.0,0.0,0.0,0.0,0.0,0.0,0.0,-1,-1,0,32
60385,53,17,62151,0.0,0.0,0.0,0.0,0.0,0.0,0.0,0.0,-1,-1,0,20
62319,53,17,50935855,23322.0,0.0,23322.0,23322.0,50800000.0,0.0,50800000.0,50800000.0,-1,-1,1,20
62415,53,17,49115742,1192.0,0.0,1192.0,1192.0,49100000.0,0.0,49100000.0,49100000.0,-1,-1,1,20
60663,53,17,46745,0.0,0.0,0.0,0.0,0.0,0.0,0.0,0.0,-1,-1,0,20
60248,53,17,71242,0.0,0.0,0.0,0.0,0.0,0.0,0.0,0.0,-1,-1,0,20
60688,53,17,51677,0.0,0.0,0.0,0.0,0.0,0.0,0.0,0.0,-1,-1,0,20
61399,53,17,48246,0.0,0.0,0.0,0.0,0.0,0.0,0.0,0.0,-1,-1,0,40
61383,53,17,48060,0.0,0.0,0.0,0.0,0.0,0.0,0.0,0.0,-1,-1,0,40
62489,53,17,108469,0.0,0.0,0.0,0.0,0.0,0.0,0.0,0.0,-1,-1,0,40
60721,53,17,59807,0.0,0.0,0.0,0.0,0.0,0.0,0.0,0.0,-1,-1,0,20
61420,53,17,47846,0.0,0.0,0.0,0.0,0.0,0.0,0.0,0.0,-1,-1,0,32
60517,53,17,34008655,109222.0,0.0,109222.0,109222.0,33800000.0,0.0,33800000.0,33800000.0,-1,-1,1,20
61413,53,17,99267,0.0,0.0,0.0,0.0,0.0,0.0,0.0,0.0,-1,-1,0,40
61607,53,17,39665660,96430.0,0.0,96430.0,96430.0,39500000.0,0.0,39500000.0,39500000.0,-1,-1,1,40
60226,53,17,82643,0.0,0.0,0.0,0.0,0.0,0.0,0.0,0.0,-1,-1,0,20
60984,53,17,48207,0.0,0.0,0.0,0.0,0.0,0.0,0.0,0.0,-1,-1,0,20
62330,53,17,23536,0.0,0.0,0.0,0.0,0.0,0.0,0.0,0.0,-1,-1,0,32
62117,53,17,75249,0.0,0.0,0.0,0.0,0.0,0.0,0.0,0.0,-1,-1,0,20
60504,53,17,23540,0.0,0.0,0.0,0.0,0.0,0.0,0.0,0.0,-1,-1,0,20
60583,53,17,60892,0.0,0.0,0.0,0.0,0.0,0.0,0.0,0.0,-1,-1,0,32
62078,53,17,60642,0.0,0.0,0.0,0.0,0.0,0.0,0.0,0.0,-1,-1,0,32
61479,53,17,70921565,73741.0,0.0,73741.0,73741.0,66300000.0,0.0,66300000.0,66300000.0,-1,-1,2,32
61327,53,17,148394,0.0,0.0,0.0,0.0,0.0,0.0,0.0,0.0,-1,-1,0,40
61367,53,17,46639,0.0,0.0,0.0,0.0,0.0,0.0,0.0,0.0,-1,-1,0,32
61782,53,17,50437,0.0,0.0,0.0,0.0,0.0,0.0,0.0,0.0,-1,-1,0,32
60377,53,17,23365,0.0,0.0,0.0,0.0,0.0,0.0,0.0,0.0,-1,-1,0,40
61721,53,17,77690849,76432.0,0.0,76432.0,76432.0,77500000.0,0.0,77500000.0,77500000.0,-1,-1,1,20
60371,53,17,47291,0.0,0.0,0.0,0.0,0.0,0.0,0.0,0.0,-1,-1,0,32
60164,53,17,101441,0.0,0.0,0.0,0.0,0.0,0.0,0.0,0.0,-1,-1,0,20
62304,53,17,50905,0.0,0.0,0.0,0.0,0.0,0.0,0.0,0.0,-1,-1,0,20
60396,53,17,11897,0.0,0.0,0.0,0.0,0.0,0.0,0.0,0.0,-1,-1,0,32
62315,53,17,253686,0.0,0.0,0.0,0.0,0.0,0.0,0.0,0.0,-1,-1,0,32
61052,53,17,493,0.0,0.0,0.0,0.0,0.0,0.0,0.0,0.0,-1,-1,0,20
62337,53,17,61130,0.0,0.0,0.0,0.0,0.0,0.0,0.0,0.0,-1,-1,0,20
61982,53,17,68909951,171802.0,0.0,171802.0,171802.0,68700000.0,0.0,68700000.0,68700000.0,-1,-1,1,32
61897,53,17,88736,0.0,0.0,0.0,0.0,0.0,0.0,0.0,0.0,-1,-1,0,20
60929,53,17,60813,0.0,0.0,0.0,0.0,0.0,0.0,0.0,0.0,-1,-1,0,32
60352,53,17,23307,0.0,0.0,0.0,0.0,0.0,0.0,0.0,0.0,-1,-1,0,20
61670,53,17,48440,0.0,0.0,0.0,0.0,0.0,0.0,0.0,0.0,-1,-1,0,32
61609,53,17,48010,0.0,0.0,0.0,0.0,0.0,0.0,0.0,0.0,-1,-1,0,32
60322,53,17,50248,0.0,0.0,0.0,0.0,0.0,0.0,0.0,0.0,-1,-1,0,32
61552,53,17,50437,0.0,0.0,0.0,0.0,0.0,0.0,0.0,0.0,-1,-1,0,32
60078,53,17,23686,0.0,0.0,0.0,0.0,0.0,0.0,0.0,0.0,-1,-1,0,20
61665,53,17,100601,0.0,0.0,0.0,0.0,0.0,0.0,0.0,0.0,-1,-1,0,32
60739,53,17,50575,0.0,0.0,0.0,0.0,0.0,0.0,0.0,0.0,-1,-1,0,32
62450,53,17,59933,0.0,0.0,0.0,0.0,0.0,0.0,0.0,0.0,-1,-1,0,40
62140,53,17,23970,0.0,0.0,0.0,0.0,0.0,0.0,0.0,0.0,-1,-1,0,40
61879,53,17,83257,0.0,0.0,0.0,0.0,0.0,0.0,0.0,0.0,-1,-1,0,32
60245,53,17,46308,0.0,0.0,0.0,0.0,0.0,0.0,0.0,0.0,-1,-1,0,32
61748,53,17,559,0.0,0.0,0.0,0.0,0.0,0.0,0.0,0.0,-1,-1,0,32
60267,53,17,528,0.0,0.0,0.0,0.0,0.0,0.0,0.0,0.0,-1,-1,0,20
54865,443,6,4070556,0.0,0.0,0.0,0.0,0.0,0.0,0.0,0.0,253,33,4,20
54977,443,6,117825607,102912.5,53899.2144,141025.0,64800.0,58800000.0,78196.1105,58800000.0,58700000.0,253,33,5,20
55054,80,6,6053842,0.0,0.0,0.0,0.0,0.0,0.0,0.0,0.0,8192,29200,2,20
55055,80,6,6053454,0.0,0.0,0.0,0.0,0.0,0.0,0.0,0.0,8192,29200,2,20
55058,80,6,46408210,114259.5,197427.5638,410400.0,15196.0,10100000.0,41095.62265,10100000.0,9997341.0,8192,30,7,20
55057,80,6,67509592,2312139.0,3278824.15,7068250.0,15106.0,10000000.0,37546.61047,10100000.0,9996420.0,8192,34,16,20
55058,80,6,117,0.0,0.0,0.0,0.0,0.0,0.0,0.0,0.0,256,-1,1,20
54863,443,6,5625627,142390.0,0.0,142390.0,142390.0,5267732.0,0.0,5267732.0,5267732.0,254,32,4,20
55216,443,6,18087031,3225857.0,0.0,3225857.0,3225857.0,9900530.0,0.0,9900530.0,9900530.0,8192,31088,10,20
55216,443,6,161,0.0,0.0,0.0,0.0,0.0,0.0,0.0,0.0,253,-1,1,20
55158,443,6,20130499,10200000.0,0.0,10200000.0,10200000.0,9950190.0,0.0,9950190.0,9950190.0,8192,264,14,20
55158,443,6,186,0.0,0.0,0.0,0.0,0.0,0.0,0.0,0.0,258,-1,1,20
54871,443,6,4070940,0.0,0.0,0.0,0.0,0.0,0.0,0.0,0.0,253,32,4,20
54925,443,6,4948715,0.0,0.0,0.0,0.0,0.0,0.0,0.0,0.0,256,32,4,20
55278,443,6,117909281,117330.5,74357.22779,169909.0,64752.0,58800000.0,55501.51836,58800000.0,58800000.0,8192,31,11,20
55285,80,6,109869486,0.0,0.0,0.0,0.0,0.0,0.0,0.0,0.0,65535,946,4,20
55016,443,6,117167285,198040.6364,580487.7388,1948277.0,22873.0,10000000.0,46017.03193,10100000.0,9901064.0,8192,1004,20,20
55017,443,6,117309076,645225.8182,2049552.942,6824841.0,22876.0,10000000.0,31109.03496,10100000.0,9994979.0,8192,1165,37,20
55261,443,6,115668434,32813.25,33243.00773,138372.0,22951.0,9606222.583,1418551.239,10100000.0,5102757.0,8192,981,19,20
55137,443,6,117297975,215855.0909,637474.5042,2137913.0,23512.0,10000000.0,22587.88052,10100000.0,9997830.0,8192,980,21,20
55153,443,6,6236045,793763.0,0.0,793763.0,793763.0,5442278.0,0.0,5442278.0,5442278.0,8192,946,8,20
55011,443,6,4722112,0.0,0.0,0.0,0.0,0.0,0.0,0.0,0.0,8192,2454,1013,20
55069,443,6,66591027,1045150.5,944063.2133,1712704.0,377597.0,32200000.0,37700000.0,58900000.0,5522717.0,8192,1013,18,20
55110,443,6,66999539,8640180.0,0.0,8640180.0,8640180.0,58300000.0,0.0,58300000.0,58300000.0,8192,1125,69,20
55143,443,6,2303909,0.0,0.0,0.0,0.0,0.0,0.0,0.0,0.0,8192,980,10,20
55144,443,6,2303889,0.0,0.0,0.0,0.0,0.0,0.0,0.0,0.0,8192,980,10,20
55145,443,6,2304023,0.0,0.0,0.0,0.0,0.0,0.0,0.0,0.0,8192,980,10,20
55050,443,6,115121789,449078.6364,1410577.897,4702131.0,23551.0,10000000.0,31181.59671,10100000.0,9994590.0,8192,1047,47,20
55159,443,6,116519066,576554.9091,1833579.16,6105004.0,23495.0,10000000.0,31132.97779,10100000.0,9992177.0,8192,1092,21,20
55226,443,6,118879914,360565.9091,1117454.179,3729817.0,23461.0,10000000.0,9936.14512,10000000.0,9998495.0,8192,1388,28,20
55232,443,6,117750069,175218.8333,525159.1303,1842823.0,23449.0,9637286.667,1295185.3,10100000.0,5525314.0,8192,1178,25,20
55236,443,6,117647974,203493.25,622749.6648,2180989.0,23505.0,9600504.333,1411560.986,10100000.0,5118419.0,8192,1178,25,20
55252,443,6,115587117,73317.36364,164532.3854,569401.0,23511.0,10000000.0,22659.81972,10100000.0,9996801.0,8192,1027,18,20
55247,443,6,117138689,122522.0,342378.8981,1209721.0,23569.0,9639035.167,1271197.732,10000000.0,5602485.0,8192,1100,21,20
55254,443,6,5939232,403707.0,0.0,403707.0,403707.0,5535476.0,0.0,5535476.0,5535476.0,8192,946,5,20
55210,443,6,119952278,1578613.5,2129581.472,3084455.0,72772.0,58400000.0,493573.9683,58700000.0,58000000.0,8192,360,14,20
55228,443,6,65730249,206996.8333,289404.3956,797723.0,87616.0,10000000.0,6196.265327,10000000.0,9990747.0,8192,242,11,20
55239,443,6,67518313,506232.5,1024695.797,2597884.0,87697.0,10000000.0,6126.042398,10000000.0,9995460.0,8192,267,16,20
55036,443,6,1321517,0.0,0.0,0.0,0.0,0.0,0.0,0.0,0.0,8192,245,6,20
55035,443,6,6531677,537018.0,0.0,537018.0,537018.0,5994656.0,0.0,5994656.0,5994656.0,8192,237,7,20
55036,443,6,587955,0.0,0.0,0.0,0.0,0.0,0.0,0.0,0.0,254,-1,1,20
55275,443,6,5945232,450582.0,0.0,450582.0,450582.0,5494602.0,0.0,5494602.0,5494602.0,8192,123,7,20
55277,443,6,5899296,487309.0,0.0,487309.0,487309.0,5411940.0,0.0,5411940.0,5411940.0,8192,35148,8,20
55266,443,6,117996713,421960.5,336511.4101,659910.0,184011.0,58500000.0,168466.7764,58600000.0,58400000.0,8192,127,13,20
55267,443,6,434298,0.0,0.0,0.0,0.0,0.0,0.0,0.0,0.0,8192,123,8,20
55214,443,6,118643745,387317.0,974721.4696,3326212.0,93075.0,10000000.0,4758.700596,10000000.0,9997387.0,8192,5120,20,20
55221,443,6,119658268,434247.5455,1130509.226,3842861.0,93133.0,10000000.0,5886.165562,10000000.0,9997152.0,8192,5120,21,20
55164,443,6,119885930,343035.4167,1136012.947,3950361.0,15001.0,9647454.75,1266536.162,10100000.0,5626407.0,8192,70,23,20
55063,443,6,5702196,0.0,0.0,0.0,0.0,0.0,0.0,0.0,0.0,8192,60,8,20
55203,443,6,6099122,893041.0,0.0,893041.0,893041.0,5206078.0,0.0,5206078.0,5206078.0,8192,60,9,20
54832,443,6,117449279,2047063.583,3006078.02,9042205.0,15055.0,7402741.167,1911692.09,10000000.0,5204848.0,739,348,123,20
55140,443,6,1843066,0.0,0.0,0.0,0.0,0.0,0.0,0.0,0.0,8192,62,11,20
55156,443,6,4403356,0.0,0.0,0.0,0.0,0.0,0.0,0.0,0.0,8192,62,9,20
55180,443,6,923198,0.0,0.0,0.0,0.0,0.0,0.0,0.0,0.0,8192,62,8,20
54818,443,6,115252521,529726.0,1297579.175,4098218.0,15042.0,9994561.727,26596.37751,10000000.0,9937466.0,93,99,17,20
55077,443,6,65421743,7356770.0,0.0,7356770.0,7356770.0,58000000.0,0.0,58000000.0,58000000.0,8192,72,23,20
55096,443,6,2000157,0.0,0.0,0.0,0.0,0.0,0.0,0.0,0.0,8192,60,7,20
55085,443,6,3186365,0.0,0.0,0.0,0.0,0.0,0.0,0.0,0.0,8192,62,11,20
55118,443,6,119377591,1102478.0,1442017.001,2122138.0,82818.0,58500000.0,31786.57113,58600000.0,58500000.0,8192,64,14,20
55160,443,6,20660847,5763707.0,0.0,5763707.0,5763707.0,9899526.0,0.0,9899526.0,9899526.0,8192,33466,10,20
55160,443,6,158,0.0,0.0,0.0,0.0,0.0,0.0,0.0,0.0,63254,-1,1,20
54882,443,6,101523,0.0,0.0,0.0,0.0,0.0,0.0,0.0,0.0,258,-1,3,20
54864,443,6,5625902,142477.0,0.0,142477.0,142477.0,5267024.0,0.0,5267024.0,5267024.0,253,351,4,20
55268,443,6,117674139,170676.5,108844.2397,247641.0,93712.0,58600000.0,113641.9592,58700000.0,58500000.0,8192,351,11,20
55271,443,6,307845,0.0,0.0,0.0,0.0,0.0,0.0,0.0,0.0,8192,351,10,20
55270,443,6,343723,0.0,0.0,0.0,0.0,0.0,0.0,0.0,0.0,8192,360,12,20
55269,443,6,117364502,181146.0,123429.7313,268424.0,93868.0,58500000.0,347234.6844,58700000.0,58200000.0,8192,360,14,20
54862,443,6,119529286,1072099.0,1387733.828,2053375.0,90823.0,58600000.0,236627.6275,58800000.0,58500000.0,258,377,10,20
54842,80,6,114168519,94499.31579,6334.858273,108826.0,82864.0,5909405.684,14039.74922,5955447.0,5891011.0,256,32,43,20
55219,443,6,13742485,3843163.0,0.0,3843163.0,3843163.0,9899319.0,0.0,9899319.0,9899319.0,8192,255,10,20
55219,443,6,144,0.0,0.0,0.0,0.0,0.0,0.0,0.0,0.0,256,-1,1,20
55169,443,6,34553867,1561276.333,2642519.482,4612595.0,35524.0,9956678.0,134706.6599,10100000.0,9805799.0,8192,67,11,20
55169,443,6,117,0.0,0.0,0.0,0.0,0.0,0.0,0.0,0.0,252,-1,1,20
55037,80,6,47374,0.0,0.0,0.0,0.0,0.0,0.0,0.0,0.0,8192,31,2,20
55037,80,6,32594,0.0,0.0,0.0,0.0,0.0,0.0,0.0,0.0,253,-1,1,20
55083,80,6,619704,0.0,0.0,0.0,0.0,0.0,0.0,0.0,0.0,8192,31,2,20
55083,80,6,865239,0.0,0.0,0.0,0.0,0.0,0.0,0.0,0.0,253,-1,1,20
55101,80,6,3373903,0.0,0.0,0.0,0.0,0.0,0.0,0.0,0.0,8192,29,1,20
55116,80,6,306836,0.0,0.0,0.0,0.0,0.0,0.0,0.0,0.0,8192,31,2,20
55114,80,6,263099,0.0,0.0,0.0,0.0,0.0,0.0,0.0,0.0,8192,31,2,20
55114,80,6,454056,0.0,0.0,0.0,0.0,0.0,0.0,0.0,0.0,253,-1,1,20
55116,80,6,468718,0.0,0.0,0.0,0.0,0.0,0.0,0.0,0.0,253,-1,1,20
55101,80,6,327374,0.0,0.0,0.0,0.0,0.0,0.0,0.0,0.0,256,-1,1,20
55167,80,6,752039,0.0,0.0,0.0,0.0,0.0,0.0,0.0,0.0,8192,31,2,20
55167,80,6,1415449,0.0,0.0,0.0,0.0,0.0,0.0,0.0,0.0,253,-1,1,20
55182,80,6,282078,0.0,0.0,0.0,0.0,0.0,0.0,0.0,0.0,8192,31,2,20
55182,80,6,112543,0.0,0.0,0.0,0.0,0.0,0.0,0.0,0.0,253,-1,1,20
55206,80,6,358901,0.0,0.0,0.0,0.0,0.0,0.0,0.0,0.0,8192,31,2,20
55206,80,6,126941,0.0,0.0,0.0,0.0,0.0,0.0,0.0,0.0,253,-1,1,20
55234,80,6,240540,0.0,0.0,0.0,0.0,0.0,0.0,0.0,0.0,8192,31,2,20
55234,80,6,327216,0.0,0.0,0.0,0.0,0.0,0.0,0.0,0.0,253,-1,1,20
55032,443,6,2214462,0.0,0.0,0.0,0.0,0.0,0.0,0.0,0.0,8192,37960,10,20
55032,443,6,206408,0.0,0.0,0.0,0.0,0.0,0.0,0.0,0.0,63473,-1,1,20
55284,443,6,1578813,0.0,0.0,0.0,0.0,0.0,0.0,0.0,0.0,8192,31507,5,20
55284,443,6,123,0.0,0.0,0.0,0.0,0.0,0.0,0.0,0.0,63851,-1,1,20
55172,443,6,116872014,142624.5,258382.4078,960224.0,61355.0,9591600.083,1425988.872,10000000.0,5063627.0,8192,981,19,20
55165,443,6,2999951,0.0,0.0,0.0,0.0,0.0,0.0,0.0,0.0,8192,40,6,20
55165,443,6,1154468,0.0,0.0,0.0,0.0,0.0,0.0,0.0,0.0,253,-1,1,20
55199,443,6,991465,0.0,0.0,0.0,0.0,0.0,0.0,0.0,0.0,8192,40,5,20
55199,443,6,506755,0.0,0.0,0.0,0.0,0.0,0.0,0.0,0.0,254,-1,1,20
55224,443,6,715532,0.0,0.0,0.0,0.0,0.0,0.0,0.0,0.0,8192,41,5,20
55224,443,6,1082446,0.0,0.0,0.0,0.0,0.0,0.0,0.0,0.0,254,-1,2,20
55147,443,6,118069042,211714.1667,656044.9451,2294936.0,21910.0,9627372.417,1292343.482,10100000.0,5525495.0,8192,980,20,20
55157,443,6,68173668,9780597.0,0.0,9780597.0,9780597.0,58300000.0,0.0,58300000.0,58300000.0,8192,16384,22,20
55245,443,6,302882,0.0,0.0,0.0,0.0,0.0,0.0,0.0,0.0,8192,65535,2,20
55150,443,6,32292318,1245533.0,1597498.468,2375135.0,115931.0,10000000.0,60206.60688,10100000.0,9999479.0,8192,5521,9,20
55150,443,6,248,0.0,0.0,0.0,0.0,0.0,0.0,0.0,0.0,63504,-1,2,20
55039,443,6,6504592,813204.0,0.0,813204.0,813204.0,5691385.0,0.0,5691385.0,5691385.0,8192,4706,8,20
55043,443,6,6504461,812722.0,0.0,812722.0,812722.0,5691736.0,0.0,5691736.0,5691736.0,8192,4706,8,20
55040,443,6,6505375,795111.0,0.0,795111.0,795111.0,5710141.0,0.0,5710141.0,5710141.0,8192,4706,8,20
55041,443,6,117262713,224955.4545,388075.22,1395046.0,107680.0,10000000.0,57504.70827,10100000.0,9900490.0,8192,5552,21,20
55042,443,6,110806680,1058561.8,3005744.286,9613060.0,107856.0,10000000.0,28731.89728,10100000.0,9994588.0,8192,13286,32,20
55038,443,6,110807246,369185.3636,844118.1803,2913550.0,107825.0,9694375.091,1051856.225,10100000.0,6523971.0,8192,9065,23,20
55181,443,6,116862964,606148.0909,1652084.763,5587371.0,107781.0,10000000.0,27601.71547,10100000.0,9995496.0,8192,10491,27,20
55186,443,6,119073459,802825.3636,2300594.5,7739377.0,107740.0,10000000.0,26727.30208,10100000.0,10000000.0,8192,14462,33,20
55200,443,6,117629689,312907.3636,678853.4892,2359727.0,107836.0,10000000.0,27781.11975,10100000.0,9995203.0,8192,8244,24,20
55195,443,6,117331277,664043.3636,1840030.562,6211942.0,107652.0,9992648.273,30915.42562,10000000.0,9900122.0,8192,11989,28,20
55205,443,6,116910699,238032.0,431835.8357,1540066.0,107654.0,9999434.273,43262.08508,10100000.0,9899509.0,8192,6986,22,20
55207,443,6,116910348,240161.8182,436697.9424,1556850.0,107747.0,10000000.0,27098.82201,10100000.0,9998355.0,8192,6888,22,20
55170,443,6,116106548,535716.1818,1418450.052,4812504.0,107856.0,10000000.0,28836.64117,10100000.0,9991440.0,8192,5719,19,20
61822,53,17,61017,0.0,0.0,0.0,0.0,0.0,0.0,0.0,0.0,-1,-1,3,20
65155,53,17,214,0.0,0.0,0.0,0.0,0.0,0.0,0.0,0.0,-1,-1,1,32
52064,53,17,23896,0.0,0.0,0.0,0.0,0.0,0.0,0.0,0.0,-1,-1,1,32
59990,53,17,93260,0.0,0.0,0.0,0.0,0.0,0.0,0.0,0.0,-1,-1,3,20
50835,53,17,170,0.0,0.0,0.0,0.0,0.0,0.0,0.0,0.0,-1,-1,1,20
64884,53,17,121266,0.0,0.0,0.0,0.0,0.0,0.0,0.0,0.0,-1,-1,3,32
62500,53,17,46741,0.0,0.0,0.0,0.0,0.0,0.0,0.0,0.0,-1,-1,3,20
53956,53,17,173,0.0,0.0,0.0,0.0,0.0,0.0,0.0,0.0,-1,-1,1,32
49242,53,17,66411,0.0,0.0,0.0,0.0,0.0,0.0,0.0,0.0,-1,-1,3,20
50672,53,17,171,0.0,0.0,0.0,0.0,0.0,0.0,0.0,0.0,-1,-1,1,20
56442,53,17,224,0.0,0.0,0.0,0.0,0.0,0.0,0.0,0.0,-1,-1,1,20
52293,53,17,77270,0.0,0.0,0.0,0.0,0.0,0.0,0.0,0.0,-1,-1,3,20
60216,53,17,176,0.0,0.0,0.0,0.0,0.0,0.0,0.0,0.0,-1,-1,1,32
64018,53,17,180,0.0,0.0,0.0,0.0,0.0,0.0,0.0,0.0,-1,-1,1,32
62720,53,17,225951,0.0,0.0,0.0,0.0,0.0,0.0,0.0,0.0,-1,-1,3,20
53477,53,17,72357,0.0,0.0,0.0,0.0,0.0,0.0,0.0,0.0,-1,-1,3,20
61777,53,17,199,0.0,0.0,0.0,0.0,0.0,0.0,0.0,0.0,-1,-1,1,20
54235,53,17,82814,0.0,0.0,0.0,0.0,0.0,0.0,0.0,0.0,-1,-1,3,32
52241,53,17,78141,0.0,0.0,0.0,0.0,0.0,0.0,0.0,0.0,-1,-1,3,20
49634,53,17,204,0.0,0.0,0.0,0.0,0.0,0.0,0.0,0.0,-1,-1,1,20
56565,53,17,173,0.0,0.0,0.0,0.0,0.0,0.0,0.0,0.0,-1,-1,1,32
58527,53,17,173,0.0,0.0,0.0,0.0,0.0,0.0,0.0,0.0,-1,-1,1,20
58224,53,17,60451,0.0,0.0,0.0,0.0,0.0,0.0,0.0,0.0,-1,-1,3,20
52852,53,17,24304,0.0,0.0,0.0,0.0,0.0,0.0,0.0,0.0,-1,-1,3,20
53882,53,17,55936,0.0,0.0,0.0,0.0,0.0,0.0,0.0,0.0,-1,-1,3,20
64415,53,17,23839,0.0,0.0,0.0,0.0,0.0,0.0,0.0,0.0,-1,-1,1,32
54810,53,17,249,0.0,0.0,0.0,0.0,0.0,0.0,0.0,0.0,-1,-1,1,20
54964,53,17,49135,0.0,0.0,0.0,0.0,0.0,0.0,0.0,0.0,-1,-1,1,32
61189,53,17,212,0.0,0.0,0.0,0.0,0.0,0.0,0.0,0.0,-1,-1,1,20
63193,53,17,824,0.0,0.0,0.0,0.0,0.0,0.0,0.0,0.0,-1,-1,1,32
56938,53,17,23380,0.0,0.0,0.0,0.0,0.0,0.0,0.0,0.0,-1,-1,1,32
62442,53,17,23530,0.0,0.0,0.0,0.0,0.0,0.0,0.0,0.0,-1,-1,1,32
52826,53,17,48452,0.0,0.0,0.0,0.0,0.0,0.0,0.0,0.0,-1,-1,1,32
49321,53,17,137005,0.0,0.0,0.0,0.0,0.0,0.0,0.0,0.0,-1,-1,3,20
64500,53,17,63472,0.0,0.0,0.0,0.0,0.0,0.0,0.0,0.0,-1,-1,3,32
61151,53,17,204,0.0,0.0,0.0,0.0,0.0,0.0,0.0,0.0,-1,-1,1,20
53673,53,17,315,0.0,0.0,0.0,0.0,0.0,0.0,0.0,0.0,-1,-1,1,32
61154,53,17,321,0.0,0.0,0.0,0.0,0.0,0.0,0.0,0.0,-1,-1,1,20
59270,53,17,172,0.0,0.0,0.0,0.0,0.0,0.0,0.0,0.0,-1,-1,1,20
51738,53,17,158,0.0,0.0,0.0,0.0,0.0,0.0,0.0,0.0,-1,-1,1,32
63836,53,17,170,0.0,0.0,0.0,0.0,0.0,0.0,0.0,0.0,-1,-1,1,32
55806,53,17,154,0.0,0.0,0.0,0.0,0.0,0.0,0.0,0.0,-1,-1,1,32
57691,53,17,157,0.0,0.0,0.0,0.0,0.0,0.0,0.0,0.0,-1,-1,1,32
57327,53,17,83892,0.0,0.0,0.0,0.0,0.0,0.0,0.0,0.0,-1,-1,3,20
63945,53,17,159,0.0,0.0,0.0,0.0,0.0,0.0,0.0,0.0,-1,-1,1,40
64687,53,17,71918,0.0,0.0,0.0,0.0,0.0,0.0,0.0,0.0,-1,-1,3,32
53058,53,17,242,0.0,0.0,0.0,0.0,0.0,0.0,0.0,0.0,-1,-1,1,32
64070,53,17,157,0.0,0.0,0.0,0.0,0.0,0.0,0.0,0.0,-1,-1,1,20
56933,53,17,49834,0.0,0.0,0.0,0.0,0.0,0.0,0.0,0.0,-1,-1,1,20
56170,53,17,61843,0.0,0.0,0.0,0.0,0.0,0.0,0.0,0.0,-1,-1,3,20
53189,53,17,114237,0.0,0.0,0.0,0.0,0.0,0.0,0.0,0.0,-1,-1,3,20
62555,53,17,23930,0.0,0.0,0.0,0.0,0.0,0.0,0.0,0.0,-1,-1,1,32
50738,53,17,124128,0.0,0.0,0.0,0.0,0.0,0.0,0.0,0.0,-1,-1,3,32
51597,53,17,122752,0.0,0.0,0.0,0.0,0.0,0.0,0.0,0.0,-1,-1,3,32
50264,53,17,176,0.0,0.0,0.0,0.0,0.0,0.0,0.0,0.0,-1,-1,1,20
55542,53,17,50255,0.0,0.0,0.0,0.0,0.0,0.0,0.0,0.0,-1,-1,1,20
51450,53,17,163,0.0,0.0,0.0,0.0,0.0,0.0,0.0,0.0,-1,-1,1,32
57666,53,17,173,0.0,0.0,0.0,0.0,0.0,0.0,0.0,0.0,-1,-1,1,32
62781,53,17,214,0.0,0.0,0.0,0.0,0.0,0.0,0.0,0.0,-1,-1,1,20
62967,53,17,60555,0.0,0.0,0.0,0.0,0.0,0.0,0.0,0.0,-1,-1,3,20
58159,53,17,166,0.0,0.0,0.0,0.0,0.0,0.0,0.0,0.0,-1,-1,1,32
49912,53,17,236,0.0,0.0,0.0,0.0,0.0,0.0,0.0,0.0,-1,-1,1,32
57537,53,17,155,0.0,0.0,0.0,0.0,0.0,0.0,0.0,0.0,-1,-1,1,32
65319,53,17,111152,0.0,0.0,0.0,0.0,0.0,0.0,0.0,0.0,-1,-1,3,32
63217,53,17,151,0.0,0.0,0.0,0.0,0.0,0.0,0.0,0.0,-1,-1,1,20
58374,53,17,24671,0.0,0.0,0.0,0.0,0.0,0.0,0.0,0.0,-1,-1,3,32
64230,53,17,48737,0.0,0.0,0.0,0.0,0.0,0.0,0.0,0.0,-1,-1,1,32
61780,53,17,181,0.0,0.0,0.0,0.0,0.0,0.0,0.0,0.0,-1,-1,1,20
60017,53,17,189,0.0,0.0,0.0,0.0,0.0,0.0,0.0,0.0,-1,-1,1,20
59584,53,17,164,0.0,0.0,0.0,0.0,0.0,0.0,0.0,0.0,-1,-1,1,20
51587,53,17,217,0.0,0.0,0.0,0.0,0.0,0.0,0.0,0.0,-1,-1,1,20
49271,53,17,216,0.0,0.0,0.0,0.0,0.0,0.0,0.0,0.0,-1,-1,1,32
52341,53,17,23768,0.0,0.0,0.0,0.0,0.0,0.0,0.0,0.0,-1,-1,1,20
56314,53,17,96309,0.0,0.0,0.0,0.0,0.0,0.0,0.0,0.0,-1,-1,3,20
60979,53,17,148,0.0,0.0,0.0,0.0,0.0,0.0,0.0,0.0,-1,-1,1,32
52643,53,17,23833,0.0,0.0,0.0,0.0,0.0,0.0,0.0,0.0,-1,-1,1,20
53976,53,17,199,0.0,0.0,0.0,0.0,0.0,0.0,0.0,0.0,-1,-1,1,20
55955,53,17,53723,0.0,0.0,0.0,0.0,0.0,0.0,0.0,0.0,-1,-1,3,20
51681,53,17,46794,0.0,0.0,0.0,0.0,0.0,0.0,0.0,0.0,-1,-1,3,20
58372,53,17,231,0.0,0.0,0.0,0.0,0.0,0.0,0.0,0.0,-1,-1,1,20
62367,53,17,24564,0.0,0.0,0.0,0.0,0.0,0.0,0.0,0.0,-1,-1,1,20
54874,53,17,24080,0.0,0.0,0.0,0.0,0.0,0.0,0.0,0.0,-1,-1,1,20
60821,53,17,48336,0.0,0.0,0.0,0.0,0.0,0.0,0.0,0.0,-1,-1,1,20
49629,53,17,227,0.0,0.0,0.0,0.0,0.0,0.0,0.0,0.0,-1,-1,1,20
61732,53,17,160,0.0,0.0,0.0,0.0,0.0,0.0,0.0,0.0,-1,-1,1,20
51277,53,17,24832,0.0,0.0,0.0,0.0,0.0,0.0,0.0,0.0,-1,-1,3,20
62934,53,17,95623,0.0,0.0,0.0,0.0,0.0,0.0,0.0,0.0,-1,-1,3,20
55523,53,17,140392,0.0,0.0,0.0,0.0,0.0,0.0,0.0,0.0,-1,-1,3,20
64321,53,17,23910,0.0,0.0,0.0,0.0,0.0,0.0,0.0,0.0,-1,-1,1,20
51382,53,17,95912,0.0,0.0,0.0,0.0,0.0,0.0,0.0,0.0,-1,-1,3,20
58416,53,17,198,0.0,0.0,0.0,0.0,0.0,0.0,0.0,0.0,-1,-1,1,20
60233,53,17,206,0.0,0.0,0.0,0.0,0.0,0.0,0.0,0.0,-1,-1,1,20
56540,53,17,92919,0.0,0.0,0.0,0.0,0.0,0.0,0.0,0.0,-1,-1,3,20
49858,53,17,245,0.0,0.0,0.0,0.0,0.0,0.0,0.0,0.0,-1,-1,1,20
51371,53,17,206,0.0,0.0,0.0,0.0,0.0,0.0,0.0,0.0,-1,-1,1,32
56544,53,17,158,0.0,0.0,0.0,0.0,0.0,0.0,0.0,0.0,-1,-1,1,32
61960,53,17,23752,0.0,0.0,0.0,0.0,0.0,0.0,0.0,0.0,-1,-1,1,20
57311,53,17,61423,0.0,0.0,0.0,0.0,0.0,0.0,0.0,0.0,-1,-1,3,20
65529,53,17,189,0.0,0.0,0.0,0.0,0.0,0.0,0.0,0.0,-1,-1,1,20
62045,53,17,278,0.0,0.0,0.0,0.0,0.0,0.0,0.0,0.0,-1,-1,1,32
57271,53,17,67118,0.0,0.0,0.0,0.0,0.0,0.0,0.0,0.0,-1,-1,3,20
54605,53,17,48242,0.0,0.0,0.0,0.0,0.0,0.0,0.0,0.0,-1,-1,3,20
62506,53,17,24204,0.0,0.0,0.0,0.0,0.0,0.0,0.0,0.0,-1,-1,1,20
64038,53,17,224,0.0,0.0,0.0,0.0,0.0,0.0,0.0,0.0,-1,-1,1,20
61305,53,17,31470,0.0,0.0,0.0,0.0,0.0,0.0,0.0,0.0,-1,-1,3,20
54856,53,17,23832,0.0,0.0,0.0,0.0,0.0,0.0,0.0,0.0,-1,-1,1,20
56242,53,17,76685,0.0,0.0,0.0,0.0,0.0,0.0,0.0,0.0,-1,-1,3,20
60226,53,17,46475,0.0,0.0,0.0,0.0,0.0,0.0,0.0,0.0,-1,-1,3,20
53828,53,17,70478,0.0,0.0,0.0,0.0,0.0,0.0,0.0,0.0,-1,-1,3,20
56401,53,17,23830,0.0,0.0,0.0,0.0,0.0,0.0,0.0,0.0,-1,-1,1,20
52324,53,17,343,0.0,0.0,0.0,0.0,0.0,0.0,0.0,0.0,-1,-1,1,20
63102,53,17,96724,0.0,0.0,0.0,0.0,0.0,0.0,0.0,0.0,-1,-1,3,20
49729,53,17,23791,0.0,0.0,0.0,0.0,0.0,0.0,0.0,0.0,-1,-1,1,20
62167,53,17,181,0.0,0.0,0.0,0.0,0.0,0.0,0.0,0.0,-1,-1,1,20
58633,53,17,185,0.0,0.0,0.0,0.0,0.0,0.0,0.0,0.0,-1,-1,1,20
54083,53,17,298,0.0,0.0,0.0,0.0,0.0,0.0,0.0,0.0,-1,-1,1,32
64963,53,17,61497,0.0,0.0,0.0,0.0,0.0,0.0,0.0,0.0,-1,-1,3,20
63223,53,17,60797,0.0,0.0,0.0,0.0,0.0,0.0,0.0,0.0,-1,-1,3,20
58924,53,17,198,0.0,0.0,0.0,0.0,0.0,0.0,0.0,0.0,-1,-1,1,32
59257,53,17,24352,0.0,0.0,0.0,0.0,0.0,0.0,0.0,0.0,-1,-1,1,20
56352,53,17,180,0.0,0.0,0.0,0.0,0.0,0.0,0.0,0.0,-1,-1,1,20
64662,53,17,25076,0.0,0.0,0.0,0.0,0.0,0.0,0.0,0.0,-1,-1,3,32
50758,53,17,155,0.0,0.0,0.0,0.0,0.0,0.0,0.0,0.0,-1,-1,1,32
64964,53,17,44984,0.0,0.0,0.0,0.0,0.0,0.0,0.0,0.0,-1,-1,3,20
54416,53,17,50736,0.0,0.0,0.0,0.0,0.0,0.0,0.0,0.0,-1,-1,1,32
54969,53,17,23585,0.0,0.0,0.0,0.0,0.0,0.0,0.0,0.0,-1,-1,1,20
54100,53,17,175,0.0,0.0,0.0,0.0,0.0,0.0,0.0,0.0,-1,-1,1,20
58508,53,17,210,0.0,0.0,0.0,0.0,0.0,0.0,0.0,0.0,-1,-1,1,20
50602,53,17,23880,0.0,0.0,0.0,0.0,0.0,0.0,0.0,0.0,-1,-1,1,20
55302,53,17,49490,0.0,0.0,0.0,0.0,0.0,0.0,0.0,0.0,-1,-1,3,20
64811,53,17,25200,0.0,0.0,0.0,0.0,0.0,0.0,0.0,0.0,-1,-1,3,20
63625,53,17,178,0.0,0.0,0.0,0.0,0.0,0.0,0.0,0.0,-1,-1,1,20
58026,53,17,282,0.0,0.0,0.0,0.0,0.0,0.0,0.0,0.0,-1,-1,1,20
55962,53,17,26301,0.0,0.0,0.0,0.0,0.0,0.0,0.0,0.0,-1,-1,1,20
57799,53,17,71279,0.0,0.0,0.0,0.0,0.0,0.0,0.0,0.0,-1,-1,3,20
52719,53,17,23794,0.0,0.0,0.0,0.0,0.0,0.0,0.0,0.0,-1,-1,1,20
59779,53,17,23729,0.0,0.0,0.0,0.0,0.0,0.0,0.0,0.0,-1,-1,1,20
64077,53,17,24057,0.0,0.0,0.0,0.0,0.0,0.0,0.0,0.0,-1,-1,1,20
52401,53,17,23939,0.0,0.0,0.0,0.0,0.0,0.0,0.0,0.0,-1,-1,1,20
53326,53,17,23899,0.0,0.0,0.0,0.0,0.0,0.0,0.0,0.0,-1,-1,1,20
52664,53,17,199,0.0,0.0,0.0,0.0,0.0,0.0,0.0,0.0,-1,-1,1,32
54920,53,17,60609,0.0,0.0,0.0,0.0,0.0,0.0,0.0,0.0,-1,-1,3,20
51058,53,17,48421,0.0,0.0,0.0,0.0,0.0,0.0,0.0,0.0,-1,-1,1,32
62257,53,17,204,0.0,0.0,0.0,0.0,0.0,0.0,0.0,0.0,-1,-1,1,20
63154,53,17,7143447,60909.0,0.0,60909.0,60909.0,7082378.0,0.0,7082378.0,7082378.0,-1,-1,5,20
56468,53,17,23945,0.0,0.0,0.0,0.0,0.0,0.0,0.0,0.0,-1,-1,1,20
61533,53,17,196,0.0,0.0,0.0,0.0,0.0,0.0,0.0,0.0,-1,-1,1,20
53040,53,17,64780,0.0,0.0,0.0,0.0,0.0,0.0,0.0,0.0,-1,-1,3,20
60157,53,17,165,0.0,0.0,0.0,0.0,0.0,0.0,0.0,0.0,-1,-1,1,20
54381,53,17,25271,0.0,0.0,0.0,0.0,0.0,0.0,0.0,0.0,-1,-1,3,20
56169,53,17,233,0.0,0.0,0.0,0.0,0.0,0.0,0.0,0.0,-1,-1,1,20
51140,53,17,169,0.0,0.0,0.0,0.0,0.0,0.0,0.0,0.0,-1,-1,1,20
58701,53,17,197,0.0,0.0,0.0,0.0,0.0,0.0,0.0,0.0,-1,-1,1,20
61025,53,17,166,0.0,0.0,0.0,0.0,0.0,0.0,0.0,0.0,-1,-1,1,20
54455,53,17,24054,0.0,0.0,0.0,0.0,0.0,0.0,0.0,0.0,-1,-1,1,20
59272,53,17,169336,0.0,0.0,0.0,0.0,0.0,0.0,0.0,0.0,-1,-1,3,20
50707,53,17,24651,0.0,0.0,0.0,0.0,0.0,0.0,0.0,0.0,-1,-1,3,20
64046,53,17,25274,0.0,0.0,0.0,0.0,0.0,0.0,0.0,0.0,-1,-1,3,20
50641,53,17,48208,0.0,0.0,0.0,0.0,0.0,0.0,0.0,0.0,-1,-1,1,20
54142,53,17,68397,0.0,0.0,0.0,0.0,0.0,0.0,0.0,0.0,-1,-1,3,20
54394,53,17,170,0.0,0.0,0.0,0.0,0.0,0.0,0.0,0.0,-1,-1,1,32
64999,53,17,178,0.0,0.0,0.0,0.0,0.0,0.0,0.0,0.0,-1,-1,1,32
58499,53,17,24027,0.0,0.0,0.0,0.0,0.0,0.0,0.0,0.0,-1,-1,1,20
55897,53,17,24233,0.0,0.0,0.0,0.0,0.0,0.0,0.0,0.0,-1,-1,1,20
50592,53,17,47947,0.0,0.0,0.0,0.0,0.0,0.0,0.0,0.0,-1,-1,3,20
52336,53,17,129508,0.0,0.0,0.0,0.0,0.0,0.0,0.0,0.0,-1,-1,3,20
